gauge_id,gauge_name,gauge_country,gauge_lat,gauge_lon,rsl_low,rsl_central,rsl_high,novlm_low,novlm_central,novlm_high
1,BREST,FRANCE,48.38,-4.49,0.15,0.54,1.82,0.17,0.55,1.84
2,SWINOUJSCIE,POLAND,53.92,14.23,0.15,0.58,1.83,0.18,0.61,1.86
3,SHEERNESS,UNITED KINGDOM,51.45,0.74,0.17,0.61,1.87,0.14,0.58,1.83
5,HOLYHEAD,UNITED KINGDOM,53.31,-4.62,0.13,0.54,1.77,0.13,0.54,1.76
7,CUXHAVEN_2,GERMANY,53.87,8.72,0.2,0.64,1.89,0.13,0.57,1.82
8,WISMAR_2,GERMANY,53.9,11.46,0.05,0.64,1.93,0.05,0.63,1.93
9,MAASSLUIS,"NETHERLANDS, KINGDOM OF THE",51.92,4.25,0.16,0.6,1.86,0.13,0.57,1.84
10,SAN_FRANCISCO,UNITED STATES,37.81,-122.47,0.23,0.53,2.02,0.21,0.5,1.99
11,WARNEMUNDE_2,GERMANY,54.17,12.1,0.17,0.59,1.83,0.18,0.6,1.85
12,NEW_YORK,UNITED STATES,40.7,-74.01,0.4,0.81,2.21,0.26,0.67,2.07
13,TRAVEMUNDE,GERMANY,53.96,10.87,0.19,0.63,1.88,0.16,0.61,1.86
14,HELSINKI,FINLAND,60.15,24.96,-0.22,0.24,1.46,0.14,0.59,1.81
15,LIVERPOOL_GEORGES_AND_PRINCES_PIERS,UNITED KINGDOM,53.4,-3.0,0.11,0.54,1.75,0.13,0.55,1.77
16,LYOKKI,FINLAND,60.85,21.18,-0.5,-0.04,1.16,0.12,0.58,1.79
17,LYPYRTTI,FINLAND,60.6,21.23,-0.46,0.0,1.21,0.13,0.59,1.8
18,JUNGFRUSUND,FINLAND,59.95,22.37,-0.31,0.16,1.38,0.13,0.59,1.82
20,VLISSINGEN,"NETHERLANDS, KINGDOM OF THE",51.44,3.6,0.14,0.58,1.84,0.14,0.57,1.84
21,ABERDEEN_II,UNITED KINGDOM,57.15,-2.08,0.0,0.5,1.71,0.07,0.56,1.78
22,HOEK_VAN_HOLLAND,"NETHERLANDS, KINGDOM OF THE",51.98,4.12,0.21,0.65,1.92,0.13,0.57,1.84
23,DEN_HELDER,"NETHERLANDS, KINGDOM OF THE",52.96,4.75,0.14,0.57,1.84,0.13,0.57,1.83
24,DELFZIJL,"NETHERLANDS, KINGDOM OF THE",53.33,6.93,0.16,0.61,1.87,0.13,0.58,1.83
25,HARLINGEN,"NETHERLANDS, KINGDOM OF THE",53.18,5.41,0.13,0.57,1.83,0.13,0.57,1.82
26,LIEPAJA,LATVIA,56.53,20.98,0.1,0.54,1.79,0.16,0.61,1.85
27,UTO,FINLAND,59.78,21.37,-0.32,0.14,1.37,0.13,0.59,1.82
28,RUSSARO,FINLAND,59.77,22.95,-0.25,0.21,1.43,0.13,0.59,1.82
29,SODERSKAR,FINLAND,60.12,25.42,-0.19,0.26,1.48,0.14,0.59,1.82
30,RONNSKAR,FINLAND,63.07,20.8,-0.76,-0.29,0.9,0.09,0.57,1.75
31,NEDRE_SODERTALJE,SWEDEN,59.2,17.62,-0.33,0.12,1.33,0.14,0.59,1.8
32,IJMUIDEN,"NETHERLANDS, KINGDOM OF THE",52.46,4.55,0.15,0.59,1.86,0.13,0.57,1.84
33,OSCARSBORG,NORWAY,59.68,10.6,-0.25,0.19,1.39,0.12,0.56,1.76
34,TRONDHEIM,NORWAY,63.43,10.43,-0.32,0.16,1.32,0.0,0.49,1.64
37,DAUGAVGRIVA,LATVIA,57.05,24.03,0.09,0.54,1.79,0.16,0.61,1.85
39,VENEZIA,ITALY,45.42,12.33,0.23,0.59,1.83,0.15,0.5,1.75
41,POTI,GEORGIA,42.17,41.68,0.52,0.94,2.23,0.04,0.46,1.75
42,SEVASTOPOL,UKRAINE,44.62,33.53,0.02,0.45,1.78,0.04,0.46,1.8
43,MUMBAI,INDIA,18.92,72.83,0.14,0.46,1.94,0.2,0.51,1.99
44,ADEN,YEMEN,12.79,44.97,0.22,0.54,1.97,0.24,0.55,1.98
45,KABELVAG,NORWAY,68.21,14.48,-0.31,0.23,1.34,-0.02,0.51,1.63
47,STAVANGER,NORWAY,58.97,5.73,-0.02,0.48,1.7,0.07,0.58,1.8
48,KIDDERPORE,INDIA,22.53,88.33,-0.33,0.04,1.47,0.17,0.5,1.93
51,BATUMI,GEORGIA,41.63,41.7,0.08,0.51,1.8,0.04,0.46,1.75
52,CASCAIS,PORTUGAL,38.68,-9.42,0.23,0.59,1.93,0.22,0.58,1.92
57,VAASA,FINLAND,63.08,21.57,-0.75,-0.27,0.91,0.1,0.57,1.76
58,BERGEN,NORWAY,60.4,5.32,-0.05,0.45,1.64,0.06,0.56,1.76
59,GENOVA,ITALY,44.4,8.9,0.15,0.51,1.77,0.17,0.53,1.78
61,MARSEILLE,FRANCE,43.28,5.35,0.17,0.53,1.8,0.18,0.54,1.82
62,OSLO,NORWAY,59.91,10.73,-0.28,0.16,1.36,0.12,0.56,1.76
63,KOBBAKLINTAR,ÅLAND ISLANDS,60.03,19.88,-0.41,0.04,1.26,0.13,0.59,1.81
64,GDANSK/NOWY_PORT,POLAND,54.4,18.68,0.22,0.65,1.91,0.18,0.61,1.87
65,SYDNEY,AUSTRALIA,-33.85,151.23,0.18,0.53,1.97,0.24,0.59,2.04
68,LANDSORT,SWEDEN,58.74,17.87,-0.26,0.19,1.41,0.15,0.59,1.82
69,OLANDS_NORRA_UDDE,SWEDEN,57.37,17.1,-0.08,0.36,1.6,0.16,0.6,1.83
70,KUNGSHOLMSFORT,SWEDEN,56.11,15.59,0.04,0.47,1.72,0.16,0.6,1.84
71,HANKO,FINLAND,59.82,22.98,-0.26,0.2,1.43,0.13,0.59,1.82
72,YSTAD,SWEDEN,55.42,13.82,0.09,0.52,1.76,0.17,0.6,1.84
73,VARBERG,SWEDEN,57.1,12.22,-0.02,0.41,1.64,0.17,0.6,1.83
76,AARHUS,DENMARK,56.15,10.22,0.09,0.52,1.75,0.16,0.59,1.82
77,GRONSKAR,SWEDEN,59.28,19.03,-0.32,0.13,1.35,0.14,0.59,1.81
78,STOCKHOLM,SWEDEN,59.32,18.08,-0.34,0.1,1.32,0.14,0.59,1.8
79,OULU,FINLAND,65.04,25.42,-0.69,-0.2,0.98,0.07,0.55,1.74
80,ESBJERG,DENMARK,55.46,8.44,0.11,0.56,1.8,0.12,0.57,1.82
81,FREDERICIA,DENMARK,55.56,9.75,0.12,0.55,1.79,0.15,0.58,1.82
82,KOBENHAVN,DENMARK,55.7,12.6,0.1,0.52,1.76,0.17,0.59,1.83
83,VYBORG,RUSSIAN FEDERATION,60.7,28.73,-0.04,0.41,1.61,0.15,0.59,1.79
84,LEMSTROM,ÅLAND ISLANDS,60.1,20.02,-0.42,0.03,1.25,0.13,0.59,1.81
86,YKSPIHLAJA,FINLAND,63.83,23.03,-0.78,-0.29,0.89,0.08,0.57,1.75
87,VENEZIA,ITALY,45.42,12.35,0.23,0.59,1.83,0.15,0.5,1.75
88,RATAN,SWEDEN,63.99,20.89,-0.81,-0.32,0.85,0.07,0.56,1.74
89,HIRTSHALS,DENMARK,57.6,9.96,-0.01,0.43,1.66,0.14,0.58,1.8
90,BJORN,SWEDEN,60.63,17.97,-0.54,-0.09,1.11,0.12,0.58,1.78
91,FREDERIKSHAVN,DENMARK,57.44,10.55,0.02,0.45,1.68,0.15,0.58,1.81
94,TONOURA,JAPAN,34.9,132.07,0.19,0.54,2.11,0.27,0.62,2.19
95,NORTH_SHIELDS,UNITED KINGDOM,55.01,-1.44,0.12,0.59,1.82,0.1,0.57,1.8
96,HALIFAX,CANADA,44.67,-63.58,0.35,0.82,2.22,0.19,0.67,2.07
97,BACKEVIK,SWEDEN,58.37,11.25,-0.14,0.29,1.5,0.14,0.57,1.79
98,SLIPSHAVN,DENMARK,55.29,10.83,0.15,0.56,1.8,0.18,0.6,1.84
99,NEDRE_GAVLE,SWEDEN,60.68,17.17,-0.55,-0.09,1.11,0.12,0.58,1.77
104,CAGLIARI,ITALY,39.2,9.17,0.19,0.57,1.89,0.21,0.57,1.88
105,NAPOLI,ITALY,40.84,14.26,0.15,0.51,1.81,0.19,0.55,1.84
106,CIVITAVECCHIA,ITALY,42.05,11.82,0.11,0.48,1.78,0.19,0.55,1.84
107,PALERMO,ITALY,38.13,13.33,0.13,0.51,1.84,0.21,0.57,1.89
108,PORTO_MAURIZIO,ITALY,43.87,8.02,0.12,0.49,1.77,0.18,0.54,1.8
111,FREMANTLE,AUSTRALIA,-32.06,115.74,0.23,0.58,2.01,0.21,0.56,1.99
112,FERNANDINA_BEACH,UNITED STATES,30.67,-81.47,0.36,0.7,2.15,0.28,0.63,2.08
113,KORSOR,DENMARK,55.33,11.14,0.1,0.56,1.8,0.16,0.61,1.86
118,KLAIPEDA,LITHUANIA,55.7,21.13,0.18,0.62,1.87,0.17,0.61,1.86
119,HORNBAEK,DENMARK,56.09,12.46,0.08,0.56,1.73,0.17,0.65,1.83
120,GEDSER,DENMARK,54.57,11.93,0.16,0.64,1.83,0.18,0.66,1.85
122,DRAGHALLAN,SWEDEN,62.37,17.53,-0.7,-0.23,0.95,0.09,0.57,1.74
127,SEATTLE,UNITED STATES,47.6,-122.34,0.24,0.53,1.91,0.19,0.48,1.86
129,NAPOLI,ITALY,40.87,14.27,0.15,0.51,1.81,0.19,0.55,1.84
130,ABURATSUBO,JAPAN,35.16,139.62,0.44,0.82,2.44,0.25,0.63,2.25
131,AYUKAWA,JAPAN,38.3,141.51,0.84,1.24,2.9,0.22,0.61,2.27
132,WAJIMA,JAPAN,37.41,136.9,0.11,0.46,2.05,0.27,0.61,2.21
133,HOSOJIMA,JAPAN,32.43,131.67,0.1,0.48,2.07,0.25,0.63,2.22
134,KUSHIMOTO,JAPAN,33.48,135.77,0.41,0.8,2.42,0.24,0.62,2.24
135,PHILADELPHIA,UNITED STATES,39.93,-75.14,0.41,0.81,2.2,0.27,0.66,2.06
138,POINTE-AU-PERE,CANADA,48.52,-68.47,-0.01,0.47,1.82,0.17,0.65,2.0
139,HANASAKI,JAPAN,43.28,145.58,0.86,1.24,2.87,0.24,0.56,2.19
140,STROMSTAD,SWEDEN,58.95,11.18,-0.19,0.24,1.45,0.13,0.56,1.77
142,SKURU,FINLAND,60.1,23.55,-0.28,0.18,1.4,0.13,0.59,1.81
145,MANILA,PHILIPPINES,14.58,120.97,0.72,1.12,2.66,0.2,0.6,2.14
146,HEL,POLAND,54.6,18.8,0.2,0.63,1.89,0.18,0.61,1.87
148,BALTIMORE,UNITED STATES,39.27,-76.58,0.43,0.82,2.21,0.27,0.66,2.05
150,AUCKLAND_II,NEW ZEALAND,-36.84,174.77,0.21,0.57,2.03,0.22,0.58,2.04
154,TRIESTE,ITALY,45.65,13.76,0.13,0.48,1.73,0.14,0.49,1.74
155,HONOLULU,UNITED STATES,21.31,-157.87,0.28,0.66,2.37,0.28,0.65,2.35
157,BUENOS_AIRES,ARGENTINA,-34.6,-58.37,0.21,0.52,1.85,0.21,0.52,1.85
158,SAN_DIEGO,UNITED STATES,32.71,-117.17,0.25,0.55,2.04,0.21,0.5,2.0
159,OSHORO_I,JAPAN,43.22,140.87,0.15,0.5,2.07,0.26,0.57,2.14
161,GALVESTON_II,UNITED STATES,29.31,-94.79,0.74,1.07,2.54,0.26,0.6,2.07
162,LAGOS,PORTUGAL,37.1,-8.67,0.23,0.59,1.93,0.23,0.59,1.93
163,BALBOA,PANAMA,8.97,-79.57,0.28,0.62,2.12,0.29,0.63,2.13
164,KOTKA,FINLAND,60.45,26.95,-0.15,0.3,1.52,0.14,0.59,1.81
165,TOFINO,CANADA,49.15,-125.92,-0.09,0.2,1.6,0.17,0.46,1.86
166,VICTORIA,CANADA,48.42,-123.37,0.09,0.38,1.76,0.18,0.47,1.85
167,PRINCE_RUPERT,CANADA,54.32,-130.33,0.13,0.43,1.78,0.18,0.47,1.83
168,VENEZIA,ITALY,45.43,12.33,0.23,0.59,1.84,0.15,0.5,1.75
169,CRISTOBAL,PANAMA,9.35,-79.92,0.3,0.66,2.17,0.29,0.64,2.15
172,MANTYLUOTO,FINLAND,61.59,21.46,-0.61,-0.14,1.06,0.12,0.58,1.78
174,KO_LAK,THAILAND,11.8,99.82,0.15,0.51,2.01,0.23,0.57,2.07
175,VANCOUVER,CANADA,49.28,-123.12,0.05,0.33,1.7,0.15,0.43,1.8
176,HARRINGTON_HBR,CANADA,50.5,-59.48,-0.06,0.44,1.76,0.15,0.64,1.96
179,SMOGEN,SWEDEN,58.35,11.22,-0.14,0.29,1.51,0.14,0.57,1.79
180,ATLANTIC_CITY,UNITED STATES,39.35,-74.42,0.5,0.9,2.31,0.27,0.67,2.08
183,PORTLAND ,UNITED STATES,43.66,-70.25,0.24,0.7,2.1,0.22,0.67,2.08
188,KEY_WEST,UNITED STATES,24.55,-81.81,0.37,0.71,2.2,0.29,0.62,2.12
189,PORT_HEDLAND,AUSTRALIA,-20.32,118.57,0.2,0.57,2.07,0.22,0.58,2.07
190,DUNBAR,UNITED KINGDOM,56.01,-2.52,0.01,0.49,1.72,0.09,0.56,1.79
193,POINT_ATKINSON,CANADA,49.33,-123.25,0.08,0.36,1.73,0.14,0.43,1.79
194,PIETARSAARI ,FINLAND,63.71,22.69,-0.78,-0.29,0.89,0.08,0.57,1.75
195,SAINT_JOHN,CANADA,45.27,-66.07,0.26,0.73,2.12,0.19,0.66,2.05
196,SYDNEY,AUSTRALIA,-33.85,151.23,0.18,0.53,1.97,0.24,0.59,2.04
202,NEWLYN,UNITED KINGDOM,50.1,-5.54,0.17,0.57,1.84,0.15,0.55,1.82
203,FURUOGRUND,SWEDEN,64.92,21.23,-0.83,-0.33,0.84,0.06,0.56,1.72
204,KARACHI,PAKISTAN,24.81,66.97,0.15,0.48,1.92,0.12,0.44,1.88
205,CHENNAI,INDIA,13.1,80.3,0.11,0.45,1.97,0.21,0.54,2.06
208,ALICANTE,SPAIN,38.34,-0.48,0.13,0.47,1.78,0.22,0.56,1.87
209,CADIZ_II,SPAIN,36.53,-6.31,0.29,0.64,1.97,0.23,0.58,1.92
210,RANGOON,MYANMAR,16.77,96.17,0.33,0.71,2.18,0.21,0.54,2.01
213,BLUFF,NEW ZEALAND,-46.6,168.35,0.23,0.57,1.91,0.23,0.56,1.9
214,FELIXSTOWE,UNITED KINGDOM,51.96,1.35,0.13,0.59,1.85,0.13,0.58,1.84
215,TUAPSE,RUSSIAN FEDERATION,44.1,39.07,0.07,0.5,1.78,0.04,0.47,1.74
216,PORT_PIRIE,AUSTRALIA,-33.18,138.01,0.17,0.48,1.82,0.23,0.53,1.88
217,AUCKLAND-WAITEMATA_HARBOUR,NEW ZEALAND,-36.84,174.77,0.21,0.57,2.03,0.22,0.58,2.04
219,BELFAST_2,UNITED KINGDOM,54.6,-5.92,-0.03,0.4,1.6,0.11,0.53,1.74
221,WELLINGTON_HARBOUR,NEW ZEALAND,-41.28,174.78,0.28,0.63,2.05,0.23,0.57,1.99
223,QUEQUEN,ARGENTINA,-38.58,-58.7,0.16,0.47,1.79,0.21,0.51,1.83
224,LEWES,UNITED STATES,38.78,-75.12,0.47,0.85,2.27,0.28,0.66,2.07
225,KETCHIKAN,UNITED STATES,55.33,-131.62,-0.02,0.28,1.63,0.17,0.47,1.82
226,SAPPI,FINLAND,61.48,21.33,-0.6,-0.13,1.07,0.12,0.58,1.78
227,SUR_SARI,RUSSIAN FEDERATION,60.08,26.98,-0.03,0.43,1.66,0.14,0.6,1.82
229,KEMI,FINLAND,65.67,24.52,-0.74,-0.25,0.93,0.05,0.54,1.72
230,PORT_LINCOLN,AUSTRALIA,-34.72,135.87,0.22,0.54,1.9,0.23,0.54,1.9
231,HELIGMAN,ÅLAND ISLANDS,60.2,19.3,-0.46,-0.0,1.21,0.13,0.58,1.8
234,CHARLESTON_I,UNITED STATES,32.78,-79.92,0.43,0.78,2.21,0.28,0.62,2.06
235,BOSTON,UNITED STATES,42.35,-71.05,0.33,0.78,2.19,0.23,0.68,2.08
236,WEST-TERSCHELLING,"NETHERLANDS, KINGDOM OF THE",53.36,5.22,0.11,0.55,1.82,0.13,0.57,1.83
237,PRIMORSK,RUSSIAN FEDERATION,60.35,28.62,-0.01,0.44,1.65,0.15,0.6,1.8
238,TVARMINNE,FINLAND,59.85,23.25,-0.25,0.2,1.43,0.14,0.59,1.82
239,TURKU,FINLAND,60.43,22.1,-0.39,0.07,1.28,0.13,0.59,1.8
240,RAAHE,FINLAND,64.67,24.41,-0.76,-0.26,0.91,0.07,0.56,1.74
245,LOS_ANGELES,UNITED STATES,33.72,-118.27,0.14,0.43,1.93,0.21,0.5,2.0
246,PENSACOLA,UNITED STATES,30.4,-87.21,0.33,0.68,2.13,0.26,0.6,2.05
247,PORT_LYTTELTON,NEW ZEALAND,-43.61,172.72,0.26,0.62,2.0,0.23,0.58,1.96
248,JOHOR_BAHRU,MALAYSIA,1.46,103.79,0.12,0.55,2.1,0.25,0.59,2.12
249,FOGLO,ÅLAND ISLANDS,60.03,20.38,-0.4,0.06,1.28,0.13,0.59,1.81
253,PORT_SAID,EGYPT,31.25,32.3,0.18,0.57,1.94,0.19,0.56,1.92
255,DOVER,UNITED KINGDOM,51.11,1.32,0.17,0.6,1.87,0.14,0.58,1.84
256,LA_JOLLA,UNITED STATES,32.87,-117.26,0.24,0.53,2.02,0.2,0.5,1.99
258,PONTA_DELGADA,PORTUGAL,37.74,-25.67,0.2,0.6,2.03,0.21,0.59,2.0
259,LYTTELTON_II,NEW ZEALAND,-43.61,172.72,0.26,0.62,2.0,0.23,0.58,1.96
260,JOLO,PHILIPPINES,6.07,121.0,0.13,0.54,2.1,0.21,0.6,2.16
265,ASTORIA,UNITED STATES,46.21,-123.77,0.02,0.32,1.74,0.2,0.5,1.92
266,SEWARD,UNITED STATES,60.12,-149.43,-0.41,-0.05,1.23,-0.1,0.26,1.53
267,NEWCASTLE_III,AUSTRALIA,-32.92,151.8,0.23,0.57,2.03,0.25,0.59,2.05
269,MACAU,MACAO,22.2,113.55,0.12,0.5,1.99,0.24,0.59,2.07
270,DAYTONA_BEACH,UNITED STATES,29.23,-81.0,0.32,0.67,2.14,0.28,0.63,2.09
271,MOMMARK,DENMARK,54.93,10.07,0.14,0.57,1.82,0.16,0.59,1.83
284,DURBAN,SOUTH AFRICA,-29.87,31.05,0.19,0.55,2.04,0.27,0.6,2.1
285,KASKINEN,FINLAND,62.34,21.21,-0.7,-0.23,0.96,0.11,0.58,1.77
286,IMMINGHAM,UNITED KINGDOM,53.63,-0.19,0.12,0.59,1.83,0.12,0.58,1.83
288,SEAVEY_ISLAND,UNITED STATES,43.08,-70.74,0.23,0.68,2.09,0.22,0.67,2.08
289,PIONERSKY,RUSSIAN FEDERATION,54.95,20.22,0.2,0.64,1.9,0.17,0.61,1.87
299,SEWELLS_POINT,UNITED STATES,36.95,-76.33,0.55,0.92,2.33,0.28,0.65,2.06
300,HILO,UNITED STATES,19.73,-155.06,0.4,0.77,2.46,0.28,0.65,2.34
302,TREGDE,NORWAY,58.01,7.55,-0.01,0.46,1.68,0.11,0.58,1.8
303,SANTA_CRUZ_DE_TENERIFE_I,SPAIN,28.48,-16.24,0.3,0.68,2.15,0.27,0.65,2.11
310,YAMBA,AUSTRALIA,-29.43,153.36,0.24,0.57,2.04,0.25,0.58,2.05
311,ANNAPOLIS,UNITED STATES,38.98,-76.48,0.46,0.85,2.24,0.27,0.66,2.05
312,NARVIK,NORWAY,68.43,17.43,-0.38,0.14,1.27,-0.01,0.52,1.63
313,HEIMSJO,NORWAY,63.43,9.1,-0.27,0.23,1.38,0.0,0.5,1.65
314,STORNOWAY,UNITED KINGDOM,58.21,-6.39,-0.04,0.44,1.61,0.04,0.52,1.69
315,HAMINA,FINLAND,60.56,27.18,-0.15,0.3,1.52,0.14,0.59,1.81
316,MAYPORT,UNITED STATES,30.39,-81.43,0.37,0.71,2.17,0.28,0.63,2.08
317,BOURGAS,BULGARIA,42.48,27.48,0.07,0.49,1.81,0.05,0.47,1.79
318,VARNA,BULGARIA,43.18,27.92,0.0,0.43,1.76,0.03,0.45,1.77
320,NEWCASTLE_I,AUSTRALIA,-32.92,151.8,0.23,0.57,2.03,0.25,0.59,2.05
330,KLAGSHAMN,SWEDEN,55.52,12.89,0.1,0.52,1.76,0.17,0.6,1.84
331,TAKORADI,GHANA,4.88,-1.75,0.32,0.67,2.13,0.28,0.61,2.07
332,EASTPORT,UNITED STATES,44.9,-66.98,0.26,0.72,2.12,0.2,0.66,2.05
333,NORTH_POINT,HONG KONG,22.3,114.2,0.08,0.49,1.99,0.24,0.59,2.08
334,SOUTHEND,UNITED KINGDOM,51.51,0.72,0.12,0.56,1.82,0.14,0.58,1.83
335,TILBURY,UNITED KINGDOM,51.47,0.37,0.14,0.58,1.83,0.14,0.57,1.83
336,TOWER_PIER,UNITED KINGDOM,51.5,0.08,0.14,0.58,1.83,0.14,0.57,1.82
350,PORTSMOUTH,UNITED KINGDOM,50.8,-1.11,0.12,0.55,1.81,0.13,0.56,1.82
351,NEWPORT,UNITED STATES,41.51,-71.33,0.35,0.8,2.22,0.23,0.68,2.1
352,SPLIT - GRADSKA_LUKA,CROATIA,43.51,16.44,0.11,0.47,1.74,0.15,0.51,1.77
353,BAKAR,CROATIA,45.3,14.53,0.12,0.47,1.73,0.14,0.49,1.75
359,MERA,JAPAN,34.92,139.82,0.45,0.83,2.47,0.25,0.63,2.26
360,WASHINGTON_DC,UNITED STATES,38.87,-77.02,0.44,0.82,2.21,0.28,0.66,2.05
361,ABERDEEN_I,UNITED KINGDOM,57.14,-2.08,0.0,0.5,1.71,0.07,0.56,1.78
362,WILLETS_POINT,UNITED STATES,40.79,-73.78,0.37,0.79,2.19,0.25,0.67,2.07
363,MIAMI_BEACH,UNITED STATES,25.77,-80.13,0.37,0.71,2.19,0.27,0.61,2.09
366,SANDY_HOOK,UNITED STATES,40.47,-74.01,0.49,0.9,2.3,0.26,0.67,2.07
367,WOODS_HOLE,UNITED STATES,41.52,-70.67,0.36,0.81,2.24,0.23,0.68,2.1
368,ST. GEORGES,BERMUDA,32.37,-64.7,0.22,0.56,1.97,0.16,0.5,1.91
369,GARDEN_REACH,INDIA,22.55,88.3,0.55,0.9,2.32,0.17,0.5,1.93
373,THESSALONIKI,GREECE,40.63,22.93,0.28,0.65,1.94,0.15,0.52,1.8
374,PIRAIEVS,GREECE,37.94,23.63,-0.0,0.37,1.68,0.17,0.54,1.84
375,KAVALLA,GREECE,40.93,24.41,-0.42,-0.04,1.24,0.14,0.51,1.79
376,RAUMA,FINLAND,61.13,21.43,-0.54,-0.08,1.13,0.12,0.58,1.79
377,SANTA_MONICA,UNITED STATES,34.01,-118.5,0.18,0.47,1.97,0.21,0.5,1.99
378,CRESCENT_CITY,UNITED STATES,41.74,-124.18,-0.01,0.3,1.75,0.22,0.53,1.98
379,CONSTANTZA,ROMANIA,44.17,28.67,0.0,0.43,1.7,0.03,0.45,1.72
384,FRIDAY_HARBOR,UNITED STATES,48.55,-123.01,0.11,0.4,1.78,0.17,0.46,1.84
385,NEAH_BAY,UNITED STATES,48.37,-124.61,-0.15,0.14,1.54,0.18,0.47,1.87
386,THEVENARD,AUSTRALIA,-32.15,133.64,0.16,0.49,1.86,0.23,0.54,1.91
392,PORT_AUX_BASQUES,CANADA,47.57,-59.13,0.3,0.79,2.16,0.18,0.66,2.03
393,ST. JOHN'S,CANADA,47.57,-52.72,0.19,0.68,2.06,0.16,0.66,2.03
394,CEBU,PHILIPPINES,10.3,123.92,0.16,0.58,2.13,0.2,0.61,2.17
395,FORT_PULASKI,UNITED STATES,32.03,-80.9,0.44,0.79,2.23,0.28,0.62,2.06
396,WILMINGTON,UNITED STATES,34.23,-77.95,0.36,0.72,2.15,0.26,0.62,2.05
397,SASSNITZ,GERMANY,54.51,13.64,0.12,0.54,1.79,0.18,0.6,1.85
398,KJOLSDAL,NORWAY,61.92,5.63,-0.06,0.42,1.59,0.05,0.53,1.7
399,PORTSMOUTH,UNITED STATES,36.82,-76.29,0.53,0.9,2.32,0.28,0.65,2.06
401,NEVLUNGHAVN,NORWAY,58.97,9.88,-0.14,0.31,1.52,0.12,0.57,1.78
405,JUNEAU,UNITED STATES,58.3,-134.41,-1.27,-0.96,0.36,0.15,0.45,1.78
407,UCHIURA,JAPAN,35.02,138.89,0.08,0.46,2.07,0.25,0.63,2.24
408,KHIOS,GREECE,38.37,26.14,0.28,0.67,1.98,0.16,0.54,1.85
409,POSIDHONIA,GREECE,37.95,22.96,0.1,0.47,1.78,0.17,0.54,1.84
410,PREVEZA,GREECE,38.96,20.76,0.18,0.55,1.85,0.18,0.54,1.84
411,KALAMAI,GREECE,37.02,22.12,0.26,0.63,1.95,0.19,0.54,1.86
412,SOLOMON'S_ISLAND,UNITED STATES,38.32,-76.45,0.49,0.87,2.27,0.28,0.66,2.06
413,OOSTENDE,BELGIUM,51.23,2.92,0.16,0.59,1.87,0.14,0.57,1.84
414,VISAKHAPATNAM,INDIA,17.68,83.28,0.08,0.43,1.91,0.18,0.51,1.99
417,SAUGOR/SAGAR,INDIA,21.65,88.05,-0.27,0.09,1.53,0.18,0.51,1.95
418,GUANTANAMO_BAY,CUBA,19.91,-75.15,0.28,0.65,2.14,0.26,0.6,2.09
420,BHAUNAGAR_I,INDIA,21.8,72.3,0.27,0.71,2.19,0.12,0.44,1.89
425,ANDENES,NORWAY,69.33,16.13,-0.25,0.3,1.41,-0.04,0.51,1.63
426,SITKA,UNITED STATES,57.05,-135.34,-0.22,0.09,1.44,0.16,0.47,1.82
427,CHARLOTTETOWN,CANADA,46.23,-63.12,0.35,0.83,2.23,0.18,0.67,2.06
428,CEDAR_KEY_II,UNITED STATES,29.14,-83.03,0.33,0.67,2.14,0.28,0.62,2.08
429,NEW_LONDON,UNITED STATES,41.36,-72.09,0.35,0.79,2.21,0.24,0.68,2.08
430,PROVIDENCE,UNITED STATES,41.81,-71.4,0.31,0.76,2.17,0.23,0.67,2.08
431,MONTEVIDEO,URUGUAY,-34.9,-56.25,0.17,0.49,1.84,0.22,0.53,1.88
432,DUBLIN,IRELAND,53.35,-6.22,0.1,0.52,1.74,0.12,0.54,1.76
433,COLONIA,URUGUAY,-34.48,-57.85,0.2,0.51,1.85,0.21,0.52,1.86
434,PUNTA_DEL_ESTE,URUGUAY,-34.97,-54.95,0.17,0.49,1.86,0.22,0.53,1.91
435,DOUGLAS,ISLE OF MAN,54.15,-4.47,0.03,0.45,1.66,0.12,0.54,1.75
437,ALAMEDA,UNITED STATES,37.77,-122.3,0.13,0.43,1.91,0.2,0.5,1.99
438,COCHIN,INDIA,9.97,76.27,0.23,0.58,2.11,0.24,0.57,2.1
440,EUGENE_ISLAND,UNITED STATES,29.37,-91.39,1.05,1.4,2.88,0.26,0.6,2.07
444,FORT_PHRACHULA_CHOMKLAO,THAILAND,13.55,100.58,1.33,1.68,3.15,0.23,0.57,2.04
445,YAKUTAT,UNITED STATES,59.55,-139.73,-0.82,-0.5,0.82,0.11,0.43,1.76
446,KO_TAPHAO_NOI,THAILAND,7.83,98.43,0.24,0.6,2.13,0.22,0.58,2.11
447,CHURCHILL,CANADA,58.77,-94.18,-0.87,-0.39,1.03,0.18,0.63,2.04
448,PORT_ADELAIDE,AUSTRALIA,-34.78,138.48,0.26,0.57,1.91,0.23,0.53,1.88
449,KO_SICHANG,THAILAND,13.15,100.82,0.17,0.54,2.03,0.23,0.57,2.06
453,LE_HAVRE,FRANCE,49.48,0.11,0.16,0.58,1.84,0.14,0.56,1.83
454,ST. MALO,FRANCE,48.64,-2.03,0.13,0.53,1.8,0.16,0.55,1.82
455,CALAIS,FRANCE,50.97,1.87,0.14,0.57,1.84,0.15,0.58,1.84
456,BUENAVENTURA,COLOMBIA,3.9,-77.1,0.17,0.51,1.97,0.24,0.56,2.02
457,ST. NAZAIRE,FRANCE,47.27,-2.2,0.15,0.52,1.79,0.18,0.55,1.82
458,MATARANI,PERU,-17.0,-72.12,0.12,0.45,1.86,0.25,0.56,1.97
460,HACHINOHE_I,JAPAN,40.53,141.53,0.23,0.63,2.29,0.21,0.59,2.26
462,RICHMOND,UNITED STATES,37.57,-77.45,0.42,0.8,2.2,0.28,0.65,2.05
463,MIYAKO_I,JAPAN,39.63,141.97,0.33,0.78,2.49,0.18,0.61,2.31
464,PUNTARENAS,COSTA RICA,9.97,-84.83,0.27,0.62,2.13,0.25,0.58,2.09
466,LA_ROCHELLE-LA_PALLICE,FRANCE,46.16,-1.22,0.15,0.52,1.8,0.18,0.55,1.82
467,CHERBOURG,FRANCE,49.65,-1.64,0.12,0.54,1.8,0.15,0.56,1.83
468,DUNKERQUE,FRANCE,51.05,2.37,0.15,0.58,1.85,0.14,0.58,1.84
469,ST_JEAN_DE_LUZ,FRANCE,43.4,-1.68,0.16,0.53,1.82,0.19,0.56,1.85
470,ZEEBRUGGE,BELGIUM,51.35,3.2,0.18,0.62,1.89,0.14,0.57,1.84
471,BOULOGNE,FRANCE,50.73,1.58,0.18,0.61,1.87,0.15,0.58,1.84
474,DIEPPE,FRANCE,49.93,1.08,0.25,0.68,1.95,0.14,0.57,1.83
475,TALARA,PERU,-4.62,-81.28,0.16,0.52,2.01,0.24,0.58,2.07
477,PORT_LOUIS,MAURITIUS,-20.15,57.5,0.18,0.53,2.07,0.24,0.59,2.13
483,VIGO,SPAIN,42.24,-8.73,0.24,0.61,1.92,0.21,0.57,1.88
484,LA_CORUNA_I,SPAIN,43.37,-8.4,0.25,0.63,1.94,0.2,0.57,1.89
485,SANTANDER_I,SPAIN,43.46,-3.79,0.24,0.61,1.92,0.19,0.57,1.87
486,MALOY,NORWAY,61.93,5.11,-0.03,0.46,1.62,0.05,0.53,1.7
487,ADAK  SWEEPER_COVE,UNITED STATES,51.86,-176.63,-0.08,0.25,1.81,0.21,0.53,2.08
488,TARIFA,SPAIN,36.01,-5.6,0.18,0.53,1.86,0.24,0.58,1.91
489,NIEUWPOORT,BELGIUM,51.15,2.73,0.18,0.61,1.88,0.14,0.57,1.84
490,ALGECIRAS,SPAIN,36.12,-5.43,0.12,0.47,1.79,0.24,0.58,1.91
491,MASSACRE_BAY,UNITED STATES,52.83,173.2,0.06,0.49,2.07,0.2,0.51,2.06
495,SKAGWAY,UNITED STATES,59.45,-135.33,-1.71,-1.4,-0.1,0.14,0.44,1.75
496,MALAGA,SPAIN,36.71,-4.42,0.15,0.5,1.81,0.23,0.58,1.89
497,PORT_ISABEL,UNITED STATES,26.06,-97.22,0.47,0.8,2.3,0.26,0.59,2.09
498,CEUTA,SPAIN,35.89,-5.32,0.13,0.48,1.81,0.24,0.58,1.91
499,VALPARAISO,CHILE,-33.03,-71.63,0.03,0.33,1.65,0.24,0.52,1.85
500,WELLINGTON_II,NEW ZEALAND,-41.28,174.78,0.28,0.63,2.05,0.23,0.57,1.99
501,PUERTO_MADRYN,ARGENTINA,-42.77,-65.03,0.2,0.51,1.74,0.2,0.49,1.71
503,ALEXANDRIA,EGYPT,31.22,29.92,0.24,0.62,1.98,0.2,0.56,1.93
508,PORT_SAN_LUIS,UNITED STATES,35.18,-120.76,0.12,0.42,1.92,0.2,0.49,2.0
509,ALESUND,NORWAY,62.47,6.15,-0.1,0.39,1.56,0.03,0.53,1.69
510,ANTOFAGASTA_2,CHILE,-23.65,-70.4,0.05,0.36,1.75,0.25,0.55,1.94
511,ANTOFAGASTA,CHILE,-23.65,-70.42,0.05,0.36,1.75,0.25,0.55,1.94
513,KWAJALEIN,MARSHALL ISLANDS,8.73,167.74,0.27,0.64,2.31,0.27,0.63,2.3
518,KUSHIRO,JAPAN,42.98,144.37,0.86,1.21,2.84,0.23,0.57,2.2
519,MONTAUK,UNITED STATES,41.05,-71.96,0.4,0.84,2.26,0.24,0.68,2.1
520,ST. PETERSBURG,UNITED STATES,27.76,-82.63,0.39,0.73,2.21,0.28,0.62,2.1
521,KAHULUI_HARBOR,UNITED STATES,20.89,-156.48,0.34,0.71,2.42,0.28,0.65,2.35
522,LEGASPI,PHILIPPINES,13.15,123.75,0.35,0.78,2.33,0.19,0.61,2.17
523,MIDWAY_ISLAND,UNITED STATES MINOR OUTLYING ISLANDS,28.21,-177.36,0.27,0.66,2.38,0.29,0.66,2.39
524,VARDO,NORWAY,70.37,31.1,-0.06,0.47,1.62,0.02,0.55,1.7
525,BAR_HARBOR,UNITED STATES,44.39,-68.2,0.29,0.75,2.15,0.21,0.67,2.07
526,GRAND_ISLE,UNITED STATES,29.26,-89.96,0.94,1.29,2.76,0.26,0.6,2.07
527,PORT_ALBERNI,CANADA,49.23,-124.82,-0.08,0.21,1.59,0.15,0.44,1.82
528,CHUUK,"MICRONESIA, FEDERATED STATES OF",7.45,151.85,0.22,0.6,2.25,0.25,0.61,2.26
531,EVENSKJAER,NORWAY,68.58,16.55,-0.34,0.19,1.31,-0.01,0.51,1.63
537,DAVAO,PHILIPPINES,7.08,125.63,0.21,0.6,2.16,0.21,0.6,2.16
538,ROCKPORT,UNITED STATES,28.02,-97.05,0.67,1.0,2.48,0.26,0.59,2.07
539,PAGO_PAGO,AMERICAN SAMOA,-14.28,-170.69,0.35,0.75,2.34,0.23,0.61,2.21
540,APRA_HARBOR,GUAM,13.44,144.65,0.19,0.63,2.23,0.21,0.64,2.24
541,BARENTSBURG,SVALBARD AND JAN MAYEN,78.07,14.25,-1.46,-0.85,0.09,-0.99,-0.39,0.55
542,IMBITUBA,BRAZIL,-28.23,-48.65,0.23,0.59,2.02,0.24,0.56,1.99
543,DIAMOND_HARBOUR,INDIA,22.2,88.17,0.29,0.64,2.06,0.18,0.51,1.94
544,LA_LIBERTAD_II,ECUADOR,-2.2,-80.92,0.15,0.49,1.99,0.24,0.58,2.07
545,KEELUNG_II,"TAIWAN, PROVINCE OF CHINA",25.13,121.73,0.16,0.57,2.14,0.25,0.61,2.16
546,YUZHNO_KURILSK,RUSSIAN FEDERATION,44.02,145.87,0.27,0.65,2.23,0.25,0.56,2.13
547,BARENTSBURG_II,SVALBARD AND JAN MAYEN,78.07,14.25,-1.46,-0.85,0.09,-0.99,-0.39,0.55
549,CAMP_COVE,AUSTRALIA,-33.83,151.28,0.18,0.53,1.98,0.24,0.59,2.04
552,PUERTO_LIMON,COSTA RICA,10.0,-83.03,0.23,0.63,2.16,0.29,0.64,2.16
554,ALERT_BAY,CANADA,50.58,-126.95,-0.16,0.14,1.53,0.15,0.44,1.83
555,LA_LIBERTAD,ECUADOR,-2.2,-80.92,0.15,0.49,1.99,0.24,0.58,2.07
556,RECIFE,BRAZIL,-8.05,-34.87,0.2,0.57,2.06,0.28,0.61,2.1
557,PUERTO_CORTES,HONDURAS,15.83,-87.95,0.57,0.97,2.49,0.28,0.62,2.13
558,LA_UNION,EL SALVADOR,13.33,-87.82,0.23,0.58,2.07,0.24,0.57,2.07
562,BODO,NORWAY,67.29,14.39,-0.37,0.16,1.28,-0.0,0.52,1.64
563,GIBARA,CUBA,21.11,-76.12,0.22,0.59,2.05,0.24,0.59,2.05
564,MACKAY,AUSTRALIA,-21.1,149.23,0.26,0.6,2.1,0.26,0.58,2.09
565,LAS_PALMAS_C,SPAIN,28.15,-15.41,0.3,0.68,2.13,0.28,0.64,2.08
566,CORDOVA,UNITED STATES,60.56,-145.75,0.25,0.59,1.87,-0.02,0.31,1.58
567,KODIAK_ISLAND,UNITED STATES,57.73,-152.51,-0.82,-0.45,0.94,0.09,0.43,1.82
568,SANTA_CRUZ_DE_LA_PALMA_B,SPAIN,28.67,-17.77,0.2,0.61,2.11,0.27,0.65,2.14
569,TIKSI,RUSSIAN FEDERATION,71.58,128.92,0.26,0.75,2.21,0.17,0.66,2.11
571,TALCAHUANO,CHILE,-36.68,-73.1,0.12,0.41,1.7,0.23,0.5,1.79
572,CARTAGENA,COLOMBIA,10.4,-75.55,0.45,0.82,2.31,0.29,0.64,2.13
575,KANTON_ISLAND,KIRIBATI,-2.8,-171.72,0.19,0.56,2.17,0.24,0.6,2.22
578,SALVADOR,BRAZIL,-12.97,-38.52,0.22,0.58,2.05,0.26,0.59,2.06
580,BELEM,BRAZIL,-1.45,-48.5,0.21,0.57,2.0,0.29,0.62,2.05
581,NAOS_ISLAND,PANAMA,8.92,-79.55,0.28,0.62,2.12,0.29,0.62,2.13
593,ARRECIFE,SPAIN,28.97,-13.53,0.2,0.56,1.99,0.27,0.62,2.04
595,WAKE_ISLAND,MARSHALL ISLANDS,19.29,166.62,0.27,0.66,2.35,0.26,0.64,2.33
596,KANDLA,INDIA,23.02,70.22,0.11,0.46,1.9,0.14,0.46,1.9
597,GLOUCESTER_POINT,UNITED STATES,37.25,-76.5,0.51,0.88,2.29,0.28,0.65,2.05
598,JOHNSTON_ISLAND,UNITED STATES MINOR OUTLYING ISLANDS,16.74,-169.53,0.22,0.61,2.3,0.27,0.65,2.34
599,AMDERMA,RUSSIAN FEDERATION,69.75,61.7,0.19,0.66,1.91,0.1,0.57,1.82
600,UST_KARA,RUSSIAN FEDERATION,69.25,64.52,0.15,0.62,1.89,0.11,0.58,1.84
601,FEDOROVA,RUSSIAN FEDERATION,77.72,104.3,0.16,0.65,2.03,0.08,0.56,1.94
602,SANNIKOVA,RUSSIAN FEDERATION,74.67,138.9,0.19,0.68,2.16,0.16,0.65,2.13
603,SHALAUROVA,RUSSIAN FEDERATION,73.18,143.23,0.13,0.63,2.13,0.18,0.67,2.17
604,AMBARCHIK,RUSSIAN FEDERATION,69.62,162.3,0.21,0.72,2.28,0.2,0.7,2.27
605,RAU-CHUA,RUSSIAN FEDERATION,69.5,166.58,0.18,0.7,2.26,0.19,0.7,2.27
606,PEVEK,RUSSIAN FEDERATION,69.7,170.25,0.2,0.72,2.28,0.19,0.7,2.27
607,VANKAREM,RUSSIAN FEDERATION,67.83,-175.83,0.3,0.8,2.35,0.2,0.69,2.24
608,VRANGELIA,RUSSIAN FEDERATION,70.98,-178.48,0.28,0.76,2.3,0.2,0.67,2.2
609,MALYE_KARMAKULY,RUSSIAN FEDERATION,72.37,52.7,-0.05,0.45,1.62,0.02,0.5,1.67
610,UST_OLENEK,RUSSIAN FEDERATION,73.0,119.87,0.26,0.73,2.17,0.16,0.63,2.07
611,DIKSON,RUSSIAN FEDERATION,73.5,80.4,0.06,0.55,1.83,0.08,0.57,1.84
612,STERLEGOVA,RUSSIAN FEDERATION,75.42,88.9,0.02,0.52,1.81,0.08,0.57,1.85
613,NETTEN,RUSSIAN FEDERATION,66.97,-171.93,0.27,0.76,2.31,0.19,0.67,2.21
614,QINHUANGDAO,CHINA,39.9,119.6,0.07,0.47,1.96,0.19,0.54,2.03
615,PRAVDY,RUSSIAN FEDERATION,76.27,94.77,0.04,0.53,1.83,0.08,0.57,1.87
616,MYS_SHMIDTA,RUSSIAN FEDERATION,68.9,-179.37,0.26,0.78,2.33,0.19,0.7,2.25
617,RATMANOVA,RUSSIAN FEDERATION,65.85,-169.13,0.25,0.65,2.15,0.21,0.6,2.09
618,ARICA,CHILE,-18.47,-70.33,0.08,0.4,1.8,0.25,0.55,1.96
619,CALDERA,CHILE,-27.07,-70.83,0.27,0.58,1.95,0.25,0.54,1.92
620,MALYI_TAIMYR,RUSSIAN FEDERATION,78.08,106.82,0.2,0.69,2.08,0.08,0.56,1.96
621,KOLUCHIN,RUSSIAN FEDERATION,67.48,-174.65,0.3,0.79,2.33,0.2,0.68,2.22
622,UGORSKII_SHAR,RUSSIAN FEDERATION,69.82,60.75,0.18,0.66,1.91,0.09,0.56,1.81
627,TOBA,JAPAN,34.47,136.85,1.96,2.36,3.97,0.26,0.62,2.23
634,IRAKLION,GREECE,35.35,25.15,0.31,0.7,2.04,0.18,0.55,1.88
635,ONAHAMA,JAPAN,36.94,140.89,-0.04,0.35,2.01,0.23,0.62,2.27
636,KIPTOPEKE_BEACH,UNITED STATES,37.16,-75.99,0.48,0.85,2.27,0.28,0.66,2.07
637,TOWNSVILLE_I,AUSTRALIA,-19.25,146.83,0.26,0.59,2.1,0.26,0.58,2.1
638,REYKJAVIK,ICELAND,64.15,-21.94,-0.52,0.26,1.16,-0.53,0.26,1.15
639,TUMACO,COLOMBIA,1.83,-78.73,0.15,0.5,1.98,0.24,0.57,2.05
640,DUNAI,RUSSIAN FEDERATION,73.93,124.5,0.27,0.74,2.2,0.16,0.63,2.08
641,KOTELNYI,RUSSIAN FEDERATION,76.0,137.87,0.28,0.76,2.22,0.15,0.63,2.08
642,KIGILIAH,RUSSIAN FEDERATION,73.33,139.87,0.14,0.64,2.14,0.16,0.66,2.16
643,KOLOBRZEG,POLAND,54.18,15.55,0.14,0.57,1.83,0.18,0.61,1.86
644,USTKA,POLAND,54.58,16.87,0.16,0.59,1.85,0.18,0.61,1.86
645,WLADYSLAWOWO,POLAND,54.8,18.42,0.19,0.63,1.89,0.17,0.61,1.87
646,ANDREIA,RUSSIAN FEDERATION,76.8,110.75,0.18,0.65,2.06,0.12,0.59,1.99
647,ZHELANIA_II,RUSSIAN FEDERATION,76.95,68.55,-0.59,0.01,1.03,-0.38,0.21,1.23
648,GEIBERGA,RUSSIAN FEDERATION,77.6,101.52,0.12,0.61,1.95,0.07,0.55,1.9
649,MUOSTAH,RUSSIAN FEDERATION,71.55,130.03,0.26,0.75,2.22,0.17,0.66,2.12
650,CHETYREHSTOLBOVOI,RUSSIAN FEDERATION,70.63,162.48,0.19,0.7,2.27,0.19,0.7,2.26
651,BOLVANSKII_NOS,RUSSIAN FEDERATION,70.45,59.08,0.14,0.62,1.86,0.07,0.55,1.79
652,PREOBRAZHENIA,RUSSIAN FEDERATION,74.67,112.93,0.06,0.53,1.95,0.14,0.61,2.03
653,POPOVA,RUSSIAN FEDERATION,73.33,70.05,0.04,0.53,1.75,0.03,0.52,1.74
655,RUSSKII,RUSSIAN FEDERATION,77.17,96.43,0.05,0.55,1.86,0.07,0.56,1.88
656,SOLNECHNAIA,RUSSIAN FEDERATION,78.2,103.27,0.17,0.65,2.02,0.07,0.55,1.92
657,SVIATOI_NOS,RUSSIAN FEDERATION,72.83,140.73,0.13,0.64,2.14,0.17,0.66,2.16
658,ZEMLIA_BUNGE,RUSSIAN FEDERATION,74.88,142.12,0.19,0.68,2.17,0.16,0.65,2.14
661,IZUHARA,JAPAN,34.2,129.3,0.18,0.57,2.14,0.26,0.6,2.18
662,PROVIDENIA,RUSSIAN FEDERATION,64.42,-173.23,0.29,0.65,2.11,0.21,0.55,1.99
663,MAIZURU_I,JAPAN,35.48,135.4,0.1,0.47,2.06,0.27,0.62,2.2
664,TACLOBAN,PHILIPPINES,11.25,125.0,0.17,0.6,2.15,0.18,0.61,2.16
665,ENEWETOK,MARSHALL ISLANDS,11.37,162.35,0.24,0.64,2.28,0.27,0.64,2.29
667,MARII_PRONCHISHEVOI,RUSSIAN FEDERATION,75.53,113.43,0.11,0.58,2.0,0.13,0.6,2.02
668,PUERTO_ARMUELLES,PANAMA,8.27,-82.87,0.25,0.58,2.09,0.25,0.58,2.09
669,TOKUYAMA_I,JAPAN,34.03,131.8,0.33,0.73,2.3,0.27,0.62,2.19
679,OMINATO,JAPAN,41.25,141.15,0.26,0.61,2.23,0.24,0.59,2.2
680,TROMSO,NORWAY,69.65,18.96,-0.27,0.28,1.39,-0.04,0.5,1.62
681,HARSTAD,NORWAY,68.8,16.55,-0.31,0.22,1.34,-0.02,0.52,1.64
682,KRISTIANSUND,NORWAY,63.11,7.73,-0.2,0.3,1.46,0.02,0.52,1.67
683,BURNIE,AUSTRALIA,-41.05,145.91,0.17,0.5,1.85,0.23,0.54,1.89
684,MURMANSK,RUSSIAN FEDERATION,68.97,33.05,-0.03,0.48,1.64,0.05,0.57,1.73
685,SPLIT_RT_MARJANA,CROATIA,43.51,16.39,0.11,0.47,1.74,0.15,0.51,1.77
686,ACAPULCO,MEXICO,16.83,-99.92,0.7,1.03,2.54,0.25,0.57,2.08
687,MURMANSK_II,RUSSIAN FEDERATION,68.97,33.05,-0.03,0.48,1.64,0.05,0.57,1.73
688,FULFORD_HARBOUR,CANADA,48.77,-123.45,0.06,0.35,1.73,0.17,0.45,1.83
689,SALINA_CRUZ,MEXICO,16.17,-95.2,0.34,0.68,2.19,0.25,0.57,2.07
690,PROGRESO,MEXICO,21.3,-89.67,0.45,0.81,2.33,0.28,0.61,2.12
692,COATZACOALCOS,MEXICO,18.15,-94.42,0.28,0.64,2.17,0.27,0.61,2.13
693,GUAYMAS,MEXICO,27.92,-110.9,0.39,0.69,2.17,0.22,0.51,1.99
695,LA_PAZ,MEXICO,24.17,-110.35,0.3,0.62,2.14,0.25,0.55,2.07
696,MANGALORE,INDIA,12.85,74.83,-0.0,0.44,1.97,0.23,0.55,2.06
701,KAINAN,JAPAN,34.14,135.19,-0.08,0.29,1.89,0.25,0.62,2.22
703,HANSTHOLM,DENMARK,57.12,8.6,0.07,0.52,1.75,0.13,0.58,1.81
704,VISE,RUSSIAN FEDERATION,79.5,76.98,-0.32,0.18,1.35,-0.11,0.38,1.55
707,UEDINENIA,RUSSIAN FEDERATION,77.5,82.2,-0.14,0.34,1.56,0.0,0.48,1.7
708,BILLINGA,RUSSIAN FEDERATION,69.88,175.77,0.23,0.74,2.29,0.19,0.69,2.24
710,RUSSKAIA_GAVAN_II,RUSSIAN FEDERATION,76.18,62.58,-0.75,-0.09,0.81,-0.53,0.12,1.02
711,RUSSKAYA_GAVAN,RUSSIAN FEDERATION,76.2,62.58,-0.76,-0.1,0.8,-0.54,0.12,1.01
712,MAZATLAN,MEXICO,23.2,-106.42,0.3,0.63,2.12,0.24,0.54,2.03
721,ASAMUSHI,JAPAN,40.9,140.86,0.14,0.49,2.1,0.24,0.59,2.2
722,YOKOSUKA,JAPAN,35.29,139.65,0.51,0.89,2.51,0.25,0.63,2.25
723,DALIAN,CHINA,38.87,121.68,0.19,0.55,2.06,0.22,0.56,2.08
724,SEMBAWANG,SINGAPORE,1.47,103.83,0.03,0.4,1.92,0.25,0.59,2.12
725,FREEPORT,UNITED STATES,28.95,-95.31,0.86,1.19,2.66,0.26,0.59,2.07
726,CANANEIA,BRAZIL,-25.02,-47.93,0.34,0.69,2.12,0.24,0.56,1.99
727,XIAMEN,CHINA,24.45,118.07,0.2,0.59,2.09,0.24,0.59,2.09
728,IZVESTIA_TSIK,RUSSIAN FEDERATION,75.95,82.95,-0.06,0.43,1.67,0.04,0.54,1.77
729,GOLOMIANYI,RUSSIAN FEDERATION,79.55,90.62,-0.05,0.44,1.71,0.01,0.49,1.75
730,AION,RUSSIAN FEDERATION,69.93,167.98,0.18,0.7,2.27,0.19,0.7,2.27
731,YANTAI,CHINA,37.53,121.38,0.06,0.46,1.98,0.22,0.56,2.08
732,MORZHOVAIA,RUSSIAN FEDERATION,71.42,67.58,0.07,0.55,1.81,0.08,0.55,1.8
734,ISACHENKO,RUSSIAN FEDERATION,77.15,89.2,-0.02,0.47,1.73,0.05,0.54,1.8
735,BUORHAIA,RUSSIAN FEDERATION,71.95,132.77,0.26,0.76,2.24,0.17,0.66,2.14
736,KOSYSTYI,RUSSIAN FEDERATION,73.65,109.73,-0.05,0.43,1.84,0.15,0.61,2.02
737,MANZANILLO,MEXICO,19.05,-104.33,0.46,0.78,2.3,0.26,0.56,2.07
738,KRASNOFLOTSKIE,RUSSIAN FEDERATION,78.6,98.83,0.08,0.58,1.9,0.03,0.53,1.84
752,NEZUGASEKI,JAPAN,38.56,139.55,0.46,0.8,2.41,0.27,0.61,2.21
753,KASHIWAZAKI,JAPAN,37.36,138.51,0.18,0.52,2.12,0.28,0.61,2.21
754,LOWESTOFT,UNITED KINGDOM,52.47,1.75,0.16,0.63,1.89,0.12,0.58,1.84
755,MILLPORT,UNITED KINGDOM,55.75,-4.91,-0.04,0.4,1.61,0.09,0.54,1.74
756,NAWILIWILI_BAY,UNITED STATES,21.95,-159.35,0.26,0.64,2.35,0.28,0.65,2.36
757,UNALASKA,UNITED STATES,53.88,-166.54,-0.36,-0.0,1.54,0.17,0.53,2.06
758,HAMMERFEST,NORWAY,70.66,23.68,-0.15,0.4,1.52,-0.03,0.52,1.63
759,MAGUEYES_ISLAND,PUERTO RICO,17.97,-67.05,0.27,0.62,2.11,0.26,0.61,2.09
760,DUBROVNIK,CROATIA,42.66,18.06,0.15,0.51,1.8,0.16,0.52,1.79
761,ROVINJ,CROATIA,45.08,13.63,0.09,0.45,1.71,0.14,0.5,1.75
762,RODBYHAVN,DENMARK,54.66,11.35,0.08,0.6,1.88,0.1,0.63,1.9
763,LA_CORUNA_II,SPAIN,43.36,-8.4,0.25,0.63,1.94,0.2,0.57,1.89
764,LA_PALOMA,URUGUAY,-34.65,-54.15,0.17,0.5,1.87,0.22,0.54,1.91
765,BIRKENHEAD,UNITED KINGDOM,53.4,-3.02,0.11,0.53,1.75,0.13,0.55,1.77
766,NEWPORT_BAY,UNITED STATES,33.6,-117.88,0.21,0.51,2.0,0.2,0.49,1.98
767,TADIBE-IAHA,RUSSIAN FEDERATION,70.37,72.57,-0.03,0.45,1.73,0.11,0.58,1.85
768,ALVARADO,MEXICO,18.77,-95.77,0.23,0.6,2.14,0.27,0.61,2.13
772,MONBETU_I,JAPAN,44.35,143.37,0.09,0.4,1.94,0.25,0.56,2.1
775,SANDWICH_MARINA,UNITED STATES,41.77,-70.5,0.35,0.8,2.23,0.23,0.68,2.1
776,BUZZARDS_BAY,UNITED STATES,41.74,-70.62,0.35,0.79,2.22,0.23,0.68,2.1
786,REEDY_POINT,UNITED STATES,39.56,-75.57,0.42,0.82,2.21,0.27,0.66,2.06
787,NELSON,NEW ZEALAND,-41.26,173.27,0.26,0.62,2.03,0.22,0.57,1.98
788,MONACO,MONACO,43.73,7.42,0.09,0.46,1.73,0.18,0.54,1.81
789,KIEL-HOLTENAU,GERMANY,54.37,10.16,0.16,0.58,1.82,0.17,0.59,1.83
790,TERPIAI-TUMSA,RUSSIAN FEDERATION,73.55,118.67,0.22,0.69,2.13,0.16,0.63,2.06
791,LEIXOES,PORTUGAL,41.18,-8.7,0.17,0.53,1.85,0.21,0.57,1.89
792,VALKARKAI,RUSSIAN FEDERATION,70.08,170.93,0.21,0.72,2.29,0.19,0.7,2.26
795,ENSENADA,MEXICO,31.85,-116.63,0.19,0.49,1.99,0.22,0.51,2.01
796,CIUDAD_DEL_CARMEN,MEXICO,18.63,-91.85,0.41,0.78,2.3,0.27,0.61,2.13
808,SHIMIZU-MINATO,JAPAN,35.01,138.52,0.63,1.01,2.62,0.25,0.63,2.24
809,KOMATSUSHIMA,JAPAN,34.01,134.59,0.25,0.63,2.22,0.25,0.62,2.22
810,MISUMI,JAPAN,32.62,130.45,0.32,0.69,2.27,0.26,0.62,2.2
811,SAKAI,JAPAN,35.55,133.24,0.28,0.64,2.22,0.27,0.62,2.2
812,UNO,JAPAN,34.49,133.95,0.52,0.88,2.46,0.27,0.62,2.2
813,HAKODATE_I,JAPAN,41.78,140.72,-0.0,0.34,1.92,0.25,0.58,2.17
814,ABURATSU,JAPAN,31.58,131.41,0.24,0.63,2.22,0.25,0.64,2.23
815,TOSA_SHIMIZU,JAPAN,32.78,132.96,0.22,0.61,2.2,0.25,0.63,2.23
816,WAKAYAMA,JAPAN,34.22,135.15,0.02,0.39,1.99,0.26,0.62,2.22
817,TAN-NOWA,JAPAN,34.34,135.18,0.23,0.6,2.2,0.26,0.62,2.22
818,LORD_HOWE_ISLAND,AUSTRALIA,-31.52,159.07,0.23,0.58,2.11,0.26,0.59,2.11
819,MAR_DEL_PLATA,ARGENTINA,-38.03,-57.52,0.16,0.47,1.81,0.21,0.52,1.85
820,PORT_ELIZABETH,SOUTH AFRICA,-33.95,25.63,0.22,0.58,2.08,0.29,0.63,2.12
821,NORFOLK_ISLAND,NORFOLK ISLAND,-29.06,167.95,0.23,0.59,2.1,0.25,0.58,2.09
822,BRISBANE,AUSTRALIA,-27.37,153.17,0.2,0.53,2.01,0.25,0.58,2.06
823,MOKUOLOE_ISLAND,UNITED STATES,21.43,-157.79,0.28,0.66,2.37,0.28,0.65,2.36
824,PETROPAVLOVSK-KAMCHATSKY,RUSSIAN FEDERATION,52.98,158.65,0.33,0.66,2.17,0.24,0.54,2.05
825,GLADSTONE,AUSTRALIA,-23.85,151.31,0.26,0.59,2.08,0.25,0.58,2.08
826,SIMONS_BAY,SOUTH AFRICA,-34.19,18.44,0.27,0.63,2.12,0.29,0.63,2.12
827,NAGAEVO,RUSSIAN FEDERATION,59.55,150.72,0.1,0.44,1.87,0.22,0.53,1.96
828,GALVESTON_I,UNITED STATES,29.29,-94.79,0.74,1.08,2.55,0.26,0.6,2.07
829,QUEEN_CHARLOTTE_CITY,CANADA,53.25,-132.07,0.08,0.39,1.78,0.18,0.48,1.88
830,LERWICK,UNITED KINGDOM,60.15,-1.14,-0.08,0.44,1.63,0.02,0.54,1.73
831,PORT_KEMBLA,AUSTRALIA,-34.47,150.91,0.16,0.52,1.96,0.24,0.59,2.04
832,PALERMO,ARGENTINA,-34.57,-58.4,0.21,0.52,1.85,0.21,0.52,1.85
833,EDEN,AUSTRALIA,-37.07,149.91,0.14,0.52,1.95,0.23,0.59,2.02
834,BUNBURY,AUSTRALIA,-33.32,115.66,0.21,0.54,1.97,0.22,0.56,1.98
835,KARUMBA,AUSTRALIA,-17.5,140.83,0.2,0.58,2.07,0.2,0.56,2.05
836,PORT_NOLLOTH,SOUTH AFRICA,-29.26,16.87,0.25,0.6,2.1,0.3,0.62,2.12
837,NEWCASTLE_V,AUSTRALIA,-32.92,151.79,0.23,0.57,2.03,0.25,0.59,2.05
838,HOBART,AUSTRALIA,-42.88,147.34,0.17,0.53,1.92,0.22,0.56,1.95
839,TORSHAVN,FAROE ISLANDS,62.02,-6.77,0.02,0.55,1.64,-0.05,0.45,1.55
841,HONDAU,VIET NAM,20.67,106.8,0.19,0.57,2.02,0.23,0.57,2.03
842,PORT_RENFREW,CANADA,48.55,-124.42,0.16,0.46,1.84,0.18,0.46,1.85
843,SANTA_CRUZ_DAS_FLORES,PORTUGAL,39.45,-31.12,-0.16,0.24,1.68,0.16,0.54,1.98
845,SHIMONOSEKI_I,JAPAN,33.97,130.95,0.16,0.52,2.1,0.27,0.61,2.19
846,KOBE,JAPAN,34.68,135.18,0.51,0.88,2.47,0.27,0.62,2.21
847,TAKAMATSU,JAPAN,34.35,134.05,0.32,0.69,2.27,0.26,0.62,2.2
848,PORT_JEFFERSON,UNITED STATES,40.95,-73.08,0.4,0.82,2.22,0.25,0.67,2.07
852,NOUMEA-CHALEIX,NEW CALEDONIA,-22.3,166.43,0.2,0.56,2.13,0.26,0.59,2.16
856,NEW_ROCHELLE,UNITED STATES,40.89,-73.78,0.37,0.79,2.18,0.25,0.67,2.06
857,MAR_DEL_PLATA,ARGENTINA,-38.03,-57.53,0.16,0.47,1.81,0.21,0.52,1.85
859,BELYI_NOS,RUSSIAN FEDERATION,69.6,60.22,0.19,0.67,1.93,0.09,0.57,1.82
860,NAGOYA,JAPAN,35.08,136.88,0.27,0.66,2.26,0.26,0.62,2.22
910,MOSSEL_BAY,SOUTH AFRICA,-34.18,22.14,0.27,0.62,2.11,0.3,0.63,2.11
911,LUDERITZ,NAMIBIA,-26.64,15.15,0.28,0.64,2.15,0.29,0.63,2.13
912,MOZI,JAPAN,33.95,130.97,0.26,0.62,2.19,0.27,0.61,2.19
913,ARGENTINE_ISLANDS,ANTARCTICA,-65.25,-64.26,-1.28,-0.08,1.12,-1.18,0.01,1.21
914,WALVIS_BAY,NAMIBIA,-22.95,14.5,0.2,0.56,2.08,0.29,0.63,2.14
916,MALIN_HEAD,IRELAND,55.37,-7.33,-0.08,0.38,1.59,0.08,0.54,1.75
917,SOPOCHNAIA_KARGA,RUSSIAN FEDERATION,71.87,82.7,0.08,0.57,1.86,0.12,0.6,1.88
918,TUXPAN,MEXICO,21.0,-97.33,0.39,0.76,2.29,0.26,0.6,2.12
919,PADRE_ISLAND,UNITED STATES,26.07,-97.15,0.48,0.81,2.31,0.26,0.59,2.09
933,ZHAPO,CHINA,21.58,111.82,0.23,0.61,2.09,0.24,0.59,2.06
934,KANMEN,CHINA,28.08,121.28,0.26,0.62,2.17,0.25,0.59,2.13
935,DARWIN,AUSTRALIA,-12.47,130.85,0.21,0.58,2.1,0.23,0.58,2.1
936,HEYSHAM,UNITED KINGDOM,54.03,-2.92,0.08,0.51,1.72,0.12,0.55,1.76
937,ZHOHOVA,RUSSIAN FEDERATION,76.15,152.83,0.15,0.67,2.17,0.16,0.66,2.15
950,KNYSNA,SOUTH AFRICA,-34.05,23.05,0.29,0.64,2.13,0.29,0.63,2.11
952,SIBAURA,JAPAN,35.63,139.75,0.26,0.65,2.27,0.25,0.62,2.25
953,CAIRNS,AUSTRALIA,-16.92,145.78,0.25,0.58,2.12,0.26,0.58,2.13
954,MOKPO,"KOREA, REPUBLIC OF",34.78,126.38,0.36,0.72,2.28,0.25,0.59,2.14
955,BUSAN,"KOREA, REPUBLIC OF",35.1,129.04,0.23,0.59,2.15,0.26,0.6,2.15
956,INCHEON,"KOREA, REPUBLIC OF",37.45,126.59,0.14,0.51,2.05,0.24,0.58,2.12
957,ALBANY,AUSTRALIA,-35.03,117.89,0.22,0.55,1.96,0.25,0.56,1.97
958,SETE,FRANCE,43.4,3.7,0.18,0.56,1.84,0.18,0.54,1.81
960,ALICANTE,SPAIN,38.34,-0.48,0.13,0.47,1.78,0.22,0.56,1.87
970,CHINHAE,"KOREA, REPUBLIC OF",35.15,128.65,0.17,0.64,2.21,0.26,0.59,2.14
979,LUSI,CHINA,32.13,121.62,0.43,0.81,2.35,0.24,0.58,2.12
980,TOULON,FRANCE,43.11,5.91,0.12,0.5,1.77,0.18,0.55,1.82
981,GIBRALTAR,GIBRALTAR,36.15,-5.36,0.09,0.44,1.77,0.24,0.58,1.91
982,DEVONPORT,UNITED KINGDOM,50.37,-4.19,0.14,0.55,1.81,0.15,0.55,1.81
983,COCOS_ISLAND,COCOS (KEELING) ISLANDS,-12.12,96.89,0.27,0.64,2.23,0.27,0.61,2.2
984,BELLA_BELLA,CANADA,52.17,-128.13,-0.0,0.29,1.66,0.17,0.46,1.84
985,CADIZ_III,SPAIN,36.54,-6.29,0.3,0.65,1.97,0.23,0.58,1.91
996,PORT_TARANAKI,NEW ZEALAND,-39.06,174.03,0.22,0.59,2.02,0.22,0.57,2.01
997,ULSAN,"KOREA, REPUBLIC OF",35.5,129.39,0.15,0.52,2.08,0.26,0.6,2.15
998,TIMARU_HARBOUR,NEW ZEALAND,-44.39,171.26,0.24,0.59,1.96,0.22,0.56,1.93
1000,TUKTOYAKTUK,CANADA,69.42,-132.97,0.19,0.64,2.02,0.13,0.57,1.95
1001,SAN_JUAN,PUERTO RICO,18.46,-66.11,0.28,0.64,2.12,0.26,0.61,2.1
1002,TRIBENI,INDIA,22.98,88.4,1.64,2.01,3.43,0.17,0.5,1.92
1003,HONNGU,VIET NAM,18.8,105.77,-0.48,-0.1,1.36,0.23,0.57,2.03
1006,PESCHANYI,RUSSIAN FEDERATION,79.43,102.48,0.13,0.63,1.98,0.01,0.51,1.86
1007,WONSAN,"KOREA, DEMOCRATIC PEOPLE'S REPUBLIC OF",39.17,127.45,0.18,0.59,2.13,0.25,0.57,2.1
1009,KOPER,SLOVENIA,45.55,13.72,0.12,0.48,1.73,0.14,0.49,1.74
1011,ACAJUTLA,EL SALVADOR,13.57,-89.83,0.25,0.6,2.1,0.24,0.57,2.08
1012,KRENKELIA,RUSSIAN FEDERATION,80.62,58.05,-0.71,-0.13,0.88,-0.43,0.14,1.14
1013,RINCON_ISLAND,UNITED STATES,34.35,-119.44,0.3,0.6,2.1,0.21,0.5,2.0
1018,NASE_II,JAPAN,28.38,129.5,0.39,0.87,2.49,0.25,0.65,2.26
1019,SAGYLLAH-ARY,RUSSIAN FEDERATION,73.15,128.88,0.27,0.75,2.22,0.16,0.64,2.1
1020,CIUDAD_MADERO,MEXICO,22.25,-97.8,0.42,0.81,2.33,0.26,0.6,2.11
1026,ONISAKI,JAPAN,34.9,136.82,-0.04,0.33,1.93,0.26,0.62,2.22
1027,OSHORO_II,JAPAN,43.21,140.86,0.17,0.5,2.07,0.26,0.57,2.14
1028,HIROSIMA,JAPAN,34.35,132.46,0.45,0.81,2.38,0.27,0.62,2.19
1030,FUNCHAL,PORTUGAL,32.64,-16.91,0.2,0.62,2.1,0.24,0.64,2.1
1031,GERALDTON,AUSTRALIA,-28.78,114.6,0.22,0.59,2.05,0.2,0.56,2.02
1032,ILHA_FISCAL,BRAZIL,-22.9,-43.17,0.22,0.57,2.03,0.25,0.58,2.03
1033,STONY_POINT,AUSTRALIA,-38.37,145.22,0.16,0.49,1.82,0.23,0.53,1.87
1034,TAI_PO_KAU,HONG KONG,22.44,114.18,0.28,0.66,2.15,0.24,0.59,2.07
1036,AMRUM,GERMANY,54.62,8.38,0.14,0.59,1.84,0.12,0.58,1.82
1037,BORKUM,GERMANY,53.56,6.75,0.15,0.6,1.86,0.13,0.58,1.83
1038,PORT_MANSFIELD,UNITED STATES,26.55,-97.42,0.43,0.76,2.26,0.26,0.59,2.08
1049,TEMA,GHANA,5.62,0.0,0.23,0.6,2.05,0.28,0.61,2.06
1060,MIYAKE_SIMA,JAPAN,34.07,139.48,0.77,1.16,2.79,0.26,0.65,2.27
1061,KOZU_SIMA,JAPAN,34.21,139.13,-1.86,-1.46,0.16,0.25,0.64,2.27
1062,MATSUYAMA_II,JAPAN,33.86,132.71,0.04,0.41,1.99,0.26,0.62,2.2
1064,MINAMI_IZU,JAPAN,34.62,138.88,0.31,0.7,2.31,0.25,0.63,2.25
1065,WHANGAREI_HARBOUR,NEW ZEALAND,-35.76,174.35,0.2,0.57,2.04,0.23,0.59,2.06
1066,JEJU,"KOREA, REPUBLIC OF",33.53,126.54,0.45,0.82,2.39,0.26,0.6,2.17
1067,ANCHORAGE,UNITED STATES,61.24,-149.89,-0.77,-0.3,0.86,-0.54,-0.07,1.1
1068,BRIDGEPORT,UNITED STATES,41.17,-73.18,0.35,0.78,2.17,0.24,0.67,2.06
1069,VICTOR_HARBOUR,AUSTRALIA,-35.56,138.64,0.29,0.6,1.94,0.23,0.53,1.88
1070,SELDOVIA,UNITED STATES,59.44,-151.72,-1.02,-0.66,0.67,-0.02,0.33,1.65
1071,PORT_HARDY,CANADA,50.72,-127.48,-0.05,0.24,1.63,0.16,0.46,1.84
1072,TUTICORIN,INDIA,8.75,78.2,0.07,0.46,2.0,0.24,0.57,2.11
1074,ROSYTH,UNITED KINGDOM,56.02,-3.45,-0.01,0.46,1.67,0.09,0.55,1.77
1075,BAR,MONTENEGRO,42.08,19.08,0.19,0.57,1.85,0.16,0.52,1.8
1078,POINTE_ST. GILDAS,FRANCE,47.13,-2.25,0.14,0.52,1.79,0.18,0.55,1.82
1080,SANTO_TOMAS_DE_CASTILLA,GUATEMALA,15.7,-88.62,0.47,0.91,2.43,0.28,0.62,2.11
1089,MAISAKA,JAPAN,34.68,137.61,-0.01,0.36,1.97,0.25,0.62,2.24
1090,URAGAMI,JAPAN,33.56,135.9,0.31,0.7,2.32,0.24,0.62,2.24
1091,OKADA,JAPAN,34.79,139.39,-0.01,0.38,2.0,0.25,0.64,2.26
1093,AWA_SIMA,JAPAN,38.47,139.25,0.47,0.81,2.41,0.27,0.61,2.21
1094,HAKATA,JAPAN,33.62,130.41,0.23,0.59,2.15,0.26,0.61,2.19
1095,SAIGO,JAPAN,36.2,133.33,0.23,0.59,2.17,0.27,0.62,2.21
1096,NISINOOMOTE,JAPAN,30.73,130.99,0.26,0.65,2.25,0.25,0.64,2.24
1097,ODOMARI,JAPAN,31.02,130.69,0.2,0.58,2.18,0.25,0.63,2.23
1098,SUMOTO,JAPAN,34.34,134.91,0.34,0.71,2.31,0.26,0.62,2.22
1099,OSAKA,JAPAN,34.66,135.43,0.54,0.9,2.49,0.27,0.62,2.21
1100,NAGASAKI,JAPAN,32.73,129.87,0.26,0.62,2.2,0.26,0.62,2.2
1101,FUKUE,JAPAN,32.7,128.85,0.16,0.53,2.11,0.26,0.62,2.2
1102,OURA,JAPAN,32.98,130.22,0.25,0.61,2.18,0.26,0.62,2.19
1103,WAKKANAI,JAPAN,45.41,141.69,0.34,0.67,2.22,0.25,0.56,2.1
1104,ABASHIRI,JAPAN,44.02,144.29,0.24,0.57,2.12,0.25,0.56,2.12
1105,NAKANO_SIMA,JAPAN,29.84,129.85,0.31,0.72,2.33,0.26,0.64,2.26
1106,FORT_MYERS,UNITED STATES,26.65,-81.87,0.36,0.7,2.18,0.28,0.62,2.1
1107,NAPLES,UNITED STATES,26.13,-81.81,0.35,0.7,2.19,0.28,0.63,2.12
1108,MUKHO,"KOREA, REPUBLIC OF",37.55,129.12,0.12,0.49,2.04,0.26,0.6,2.15
1109,WICK,UNITED KINGDOM,58.44,-3.09,-0.05,0.44,1.63,0.05,0.54,1.73
1111,NANTUCKET_ISLAND,UNITED STATES,41.28,-70.1,0.39,0.85,2.29,0.23,0.68,2.12
1112,ULLAPOOL,UNITED KINGDOM,57.9,-5.16,-0.05,0.43,1.6,0.05,0.53,1.71
1113,HELGEROA,NORWAY,59.0,9.86,-0.14,0.31,1.51,0.12,0.57,1.78
1114,ESPERANCE,AUSTRALIA,-33.87,121.9,0.22,0.55,1.96,0.25,0.55,1.95
1115,CARNARVON,AUSTRALIA,-24.9,113.65,0.21,0.58,2.07,0.21,0.57,2.06
1116,WYNDHAM,AUSTRALIA,-15.45,128.1,0.21,0.58,2.07,0.22,0.57,2.06
1118,DEVONPORT,AUSTRALIA,-41.18,146.36,0.17,0.5,1.86,0.23,0.54,1.9
1121,PICTOU,CANADA,45.68,-62.7,0.36,0.84,2.24,0.19,0.67,2.06
1128,ANTIPAIUTA,RUSSIAN FEDERATION,69.08,76.85,-0.01,0.44,1.74,0.17,0.6,1.89
1146,OWASE,JAPAN,34.08,136.21,0.01,0.38,1.99,0.26,0.62,2.23
1147,SASEBO_II,JAPAN,33.16,129.72,0.22,0.58,2.15,0.26,0.61,2.19
1148,TAJIRI,JAPAN,35.59,134.32,0.35,0.7,2.29,0.27,0.62,2.2
1149,MIYAKO_II,JAPAN,39.64,141.98,0.23,0.67,2.37,0.18,0.61,2.31
1150,SHIRAHAMA,JAPAN,33.68,135.38,0.07,0.46,2.06,0.24,0.62,2.23
1151,NAHA,JAPAN,26.21,127.67,0.24,0.66,2.25,0.24,0.64,2.24
1152,PATRICIA_BAY,CANADA,48.65,-123.45,0.05,0.34,1.72,0.17,0.46,1.84
1153,CAPE_MAY,UNITED STATES,38.97,-74.96,0.49,0.88,2.29,0.28,0.66,2.07
1154,BUNDABERG,AUSTRALIA,-24.77,152.38,0.23,0.57,2.06,0.26,0.58,2.08
1155,YEOSU,"KOREA, REPUBLIC OF",34.75,127.77,0.15,0.52,2.07,0.26,0.59,2.15
1156,DAUPHIN_ISLAND,UNITED STATES,30.25,-88.08,0.42,0.77,2.23,0.26,0.6,2.06
1157,WEIPA,AUSTRALIA,-12.67,141.87,0.16,0.52,2.05,0.23,0.58,2.11
1158,YARMOUTH,CANADA,43.83,-66.13,0.39,0.86,2.27,0.21,0.67,2.08
1159,BROOME,AUSTRALIA,-18.0,122.22,0.21,0.59,2.09,0.22,0.58,2.08
1160,MILNER_BAY,AUSTRALIA,-13.86,136.42,0.19,0.57,2.08,0.21,0.57,2.08
1161,PARADIP,INDIA,20.27,86.7,0.1,0.47,1.93,0.18,0.52,1.97
1162,SIBONEY,CUBA,23.1,-82.47,0.38,0.72,2.2,0.28,0.61,2.09
1164,RABAUL,PAPUA NEW GUINEA,-4.2,152.18,0.12,0.54,2.12,0.2,0.59,2.18
1190,MIKUNI,JAPAN,36.25,136.15,0.42,0.78,2.36,0.27,0.62,2.2
1191,KATSUURA,JAPAN,35.13,140.25,0.21,0.6,2.25,0.25,0.63,2.28
1193,APALACHICOLA,UNITED STATES,29.73,-84.98,0.31,0.65,2.12,0.27,0.61,2.07
1194,MURORAN,JAPAN,42.35,140.95,0.21,0.55,2.13,0.25,0.58,2.16
1195,CAPE_TOWN,SOUTH AFRICA,-33.91,18.43,0.2,0.55,2.04,0.29,0.63,2.12
1196,SOUTH_BEACH,UNITED STATES,44.62,-124.04,0.19,0.5,1.93,0.21,0.52,1.95
1197,FYNSHAV,DENMARK,54.99,9.99,0.14,0.57,1.81,0.16,0.59,1.83
1199,STE-ANNE-DES-MONTS,CANADA,49.13,-66.48,0.06,0.54,1.89,0.17,0.65,1.99
1200,SE-LAHA,RUSSIAN FEDERATION,70.15,72.57,-0.03,0.44,1.73,0.12,0.58,1.86
1209,KURE_IV,JAPAN,34.24,132.55,0.34,0.7,2.28,0.27,0.62,2.19
1210,TOKUYAMA_II,JAPAN,34.04,131.8,0.3,0.66,2.23,0.27,0.62,2.19
1211,SPIKARNA,SWEDEN,62.36,17.53,-0.7,-0.23,0.95,0.09,0.57,1.74
1212,UWAJIMA_II,JAPAN,33.23,132.55,0.03,0.41,2.0,0.25,0.63,2.21
1213,RIVIERE-AU-RENARD,CANADA,49.0,-64.38,0.17,0.65,2.0,0.17,0.65,2.0
1214,ILFRACOMBE,UNITED KINGDOM,51.21,-4.11,0.15,0.56,1.82,0.14,0.55,1.8
1215,PORTPATRICK,UNITED KINGDOM,54.84,-5.12,-0.01,0.42,1.63,0.11,0.53,1.74
1216,SPRING_BAY,AUSTRALIA,-42.55,147.93,0.17,0.54,1.95,0.22,0.57,1.98
1217,MAJURO-B,MARSHALL ISLANDS,7.1,171.37,0.31,0.67,2.34,0.26,0.62,2.3
1218,BAIE_COMEAU,CANADA,49.23,-68.13,-0.06,0.42,1.76,0.16,0.64,1.98
1232,SOUDHAS,GREECE,35.49,24.08,0.1,0.48,1.82,0.18,0.55,1.88
1233,LEROS,GREECE,37.13,26.85,0.1,0.48,1.81,0.18,0.55,1.87
1234,SIROS,GREECE,37.44,24.95,-0.15,0.23,1.55,0.17,0.54,1.86
1236,GOTEBORG - TORSHAMNEN,SWEDEN,57.68,11.79,-0.09,0.33,1.55,0.15,0.58,1.8
1237,KHALKIS_NORTH,GREECE,38.47,23.59,-0.01,0.36,1.67,0.16,0.53,1.83
1238,ALEXANDROUPOLIS,GREECE,40.84,25.88,0.11,0.51,1.82,0.13,0.53,1.83
1239,LEVKAS,GREECE,38.83,20.71,0.32,0.68,1.99,0.18,0.54,1.84
1240,KATAKOLON,GREECE,37.64,21.32,0.17,0.54,1.86,0.19,0.54,1.85
1241,RORVIK,NORWAY,64.86,11.23,-0.29,0.23,1.38,0.01,0.53,1.68
1242,BAMFIELD,CANADA,48.85,-125.13,-0.02,0.28,1.67,0.17,0.46,1.85
1243,RHODOS,GREECE,36.44,28.24,0.12,0.5,1.84,0.19,0.55,1.88
1245,NEW  WESTMINSTER,CANADA,49.2,-122.92,-0.04,0.25,1.61,0.15,0.44,1.8
1246,HAY_POINT,AUSTRALIA,-21.28,149.3,0.26,0.6,2.1,0.25,0.58,2.09
1247,PORT_TUDY,FRANCE,47.64,-3.45,0.15,0.53,1.82,0.17,0.55,1.83
1248,SULTAN_SHOAL,SINGAPORE,1.23,103.65,0.19,0.57,2.1,0.25,0.59,2.12
1249,MORMUGAO,INDIA,15.42,73.8,0.13,0.51,2.01,0.21,0.53,2.04
1250,PATRAI,GREECE,38.42,21.73,0.97,1.34,2.65,0.18,0.54,1.83
1252,MALAKAL-B,PALAU,7.33,134.47,0.2,0.6,2.22,0.22,0.6,2.22
1253,RIKITEA,FRENCH POLYNESIA,-23.12,-134.97,0.21,0.54,2.05,0.24,0.55,2.06
1255,STEVESTON,CANADA,49.12,-123.18,0.1,0.4,1.77,0.15,0.44,1.81
1263,OMAEZAKI_II,JAPAN,34.61,138.22,0.83,1.22,2.83,0.25,0.63,2.25
1264,OGA,JAPAN,39.94,139.71,0.04,0.39,1.99,0.27,0.61,2.21
1265,AKUNE,JAPAN,32.02,130.19,0.14,0.52,2.1,0.26,0.63,2.22
1266,HACHINOHE_II,JAPAN,40.53,141.53,0.23,0.63,2.29,0.21,0.59,2.26
1267,HONNINGSVAG,NORWAY,70.98,25.97,-0.11,0.43,1.56,-0.02,0.52,1.64
1268,BOOBY_ISLAND,AUSTRALIA,-10.6,141.91,0.0,0.35,1.91,0.25,0.59,2.15
1269,CHARLESTON_II,UNITED STATES,43.34,-124.32,0.12,0.43,1.88,0.21,0.52,1.97
1270,HALDIA,INDIA,22.03,88.1,0.24,0.62,2.05,0.18,0.51,1.94
1271,USHUAIA_II,ARGENTINA,-54.82,-68.22,-0.06,0.25,1.3,0.14,0.42,1.46
1272,EASTER_ISLAND-E,CHILE,-27.15,-109.47,0.14,0.48,1.93,0.23,0.54,2.0
1274,CALLAO_2,PERU,-12.05,-77.15,0.13,0.47,1.92,0.24,0.57,2.02
1275,JURONG,SINGAPORE,1.3,103.72,0.02,0.46,2.02,0.25,0.59,2.12
1293,OITA_II,JAPAN,33.27,131.69,0.17,0.54,2.11,0.26,0.62,2.2
1294,LE_CONQUET,FRANCE,48.36,-4.78,0.16,0.55,1.84,0.17,0.55,1.84
1295,CAMBRIDGE_II,UNITED STATES,38.57,-76.07,0.46,0.85,2.25,0.27,0.66,2.06
1296,URAKAWA_II,JAPAN,42.17,142.77,-0.2,0.17,1.78,0.23,0.57,2.19
1297,CABO_DE_SAN_ANTONIO,CUBA,21.9,-84.9,0.45,0.8,2.29,0.27,0.61,2.1
1299,NORTH_SYDNEY,CANADA,46.22,-60.25,0.38,0.87,2.26,0.18,0.67,2.06
1300,INCE_POINT,AUSTRALIA,-10.51,142.31,0.0,0.34,1.91,0.25,0.59,2.15
1301,CONCARNEAU,FRANCE,47.87,-3.91,0.15,0.53,1.82,0.17,0.55,1.84
1306,HAGI,JAPAN,34.43,131.42,0.21,0.61,2.19,0.27,0.61,2.19
1318,KARIYA,JAPAN,33.47,129.85,0.18,0.55,2.12,0.26,0.61,2.19
1320,KURE_I,JAPAN,33.33,133.24,-0.15,0.24,1.83,0.25,0.63,2.21
1321,ARGENTIA,CANADA,47.3,-53.98,0.2,0.7,2.07,0.17,0.66,2.04
1322,SEPT-ILES,CANADA,50.2,-66.4,-0.1,0.39,1.72,0.16,0.64,1.96
1323,CAMPBELL_RIVER,CANADA,50.02,-125.23,-0.24,0.04,1.4,0.09,0.37,1.74
1324,POHANG,"KOREA, REPUBLIC OF",36.05,129.38,0.42,0.8,2.35,0.26,0.59,2.14
1325,PORT_TOWNSEND,UNITED STATES,48.11,-122.76,0.17,0.46,1.84,0.18,0.47,1.85
1328,CAPE_LAMBERT,AUSTRALIA,-20.59,117.19,0.21,0.58,2.08,0.22,0.58,2.08
1329,KANTON_ISLAND-B,KIRIBATI,-2.82,-171.72,0.19,0.56,2.17,0.24,0.6,2.22
1343,ITO_II,JAPAN,34.9,139.13,-1.26,-0.87,0.75,0.25,0.63,2.25
1344,OGI,JAPAN,37.81,138.28,0.12,0.46,2.06,0.28,0.61,2.21
1345,SOMA,JAPAN,37.83,140.96,0.6,1.01,2.66,0.22,0.61,2.26
1346,KAMAISI_II,JAPAN,39.27,141.89,0.9,1.34,3.04,0.18,0.61,2.31
1347,ROSCOFF,FRANCE,48.72,-3.97,0.13,0.52,1.8,0.16,0.55,1.83
1349,LOWER_ESCUMINAC,CANADA,47.08,-64.88,0.3,0.78,2.16,0.18,0.66,2.04
1350,NIKISKI,UNITED STATES,60.68,-151.4,-1.44,-1.02,0.21,-0.27,0.12,1.35
1351,RAFFLES_LIGHT_HOUSE,SINGAPORE,1.17,103.75,0.11,0.5,2.04,0.25,0.59,2.12
1352,MONTEREY,UNITED STATES,36.6,-121.89,0.17,0.47,1.97,0.2,0.5,2.0
1353,VALDEZ,UNITED STATES,61.12,-146.36,-0.56,-0.2,1.04,-0.11,0.24,1.48
1354,TOKE_POINT,UNITED STATES,46.71,-123.97,0.05,0.35,1.76,0.2,0.5,1.91
1355,CABO_SAN_LUCAS,MEXICO,22.88,-109.9,0.23,0.56,2.08,0.26,0.56,2.09
1356,KAOHSIUNG_II,"TAIWAN, PROVINCE OF CHINA",22.53,120.32,0.05,0.56,2.12,0.24,0.61,2.14
1364,OFUNATO_II,JAPAN,39.02,141.75,0.53,0.97,2.66,0.19,0.61,2.3
1365,SOKCHO,"KOREA, REPUBLIC OF",38.21,128.59,0.18,0.55,2.1,0.26,0.59,2.13
1366,TSIM_BEI_TSUI,HONG KONG,22.49,114.01,0.08,0.48,1.97,0.24,0.59,2.07
1367,WHYALLA_III,AUSTRALIA,-33.01,137.59,0.15,0.46,1.81,0.23,0.53,1.88
1368,GOODS_ISLAND,AUSTRALIA,-10.56,142.15,0.0,0.35,1.91,0.25,0.59,2.15
1369,GANGRA,INDIA,21.95,88.02,0.14,0.54,1.98,0.18,0.51,1.94
1370,POHNPEI-B,"MICRONESIA, FEDERATED STATES OF",6.98,158.23,0.3,0.66,2.32,0.26,0.61,2.27
1371,CHRISTMAS_ISLAND_II,KIRIBATI,1.98,-157.48,0.2,0.59,2.24,0.23,0.6,2.25
1372,FRENCH_FRIGATE_SHOALS,UNITED STATES,23.87,-166.28,0.25,0.64,2.37,0.29,0.66,2.39
1373,HONIARA_II,SOLOMON ISLANDS,-9.43,159.95,0.09,0.55,2.17,0.15,0.6,2.22
1386,KUCHINOTSU,JAPAN,32.61,130.2,0.25,0.62,2.19,0.26,0.62,2.2
1387,MAIZURU_II,JAPAN,35.48,135.39,0.41,0.76,2.35,0.27,0.62,2.2
1388,OKINAWA,JAPAN,26.18,127.82,0.17,0.6,2.19,0.23,0.64,2.25
1389,TOYAMA,JAPAN,36.76,137.22,0.34,0.69,2.28,0.27,0.61,2.2
1390,MUROTOMISAKI,JAPAN,33.27,134.16,0.73,1.12,2.72,0.26,0.63,2.23
1391,CHICHIJIMA,JAPAN,27.08,142.18,0.32,0.73,2.41,0.26,0.65,2.33
1393,CHARLOTTE_AMALIE,"VIRGIN ISLANDS, U.S.",18.34,-64.92,0.27,0.62,2.11,0.27,0.61,2.1
1394,POINT_REYES,UNITED STATES,37.99,-122.98,0.24,0.54,2.03,0.21,0.52,2.01
1395,OKHA,INDIA,22.47,69.08,0.08,0.48,1.95,0.16,0.48,1.95
1397,PAPEETE-B,FRENCH POLYNESIA,-17.53,-149.57,0.22,0.57,2.12,0.25,0.57,2.12
1399,BYKOV_MYS,RUSSIAN FEDERATION,72.0,129.12,0.27,0.76,2.22,0.17,0.66,2.11
1403,TANGGU,CHINA,39.0,117.72,0.02,0.5,2.01,0.15,0.5,1.99
1404,SHIJIUSUO,CHINA,35.38,119.55,-0.01,0.46,1.99,0.21,0.56,2.06
1405,LIANYUNGANG,CHINA,34.75,119.45,0.13,0.6,2.13,0.22,0.56,2.07
1406,SHANWEI,CHINA,22.75,115.35,0.11,0.59,2.11,0.24,0.59,2.08
1408,BEIHAI,CHINA,21.48,109.08,0.07,0.54,2.03,0.24,0.58,2.04
1420,WALLAROO_II,AUSTRALIA,-33.93,137.62,0.2,0.51,1.86,0.23,0.53,1.89
1421,NY-ALESUND,SVALBARD AND JAN MAYEN,78.93,11.94,-1.48,-0.83,0.1,-1.08,-0.43,0.5
1422,NORTH_SOUND,CAYMAN ISLANDS,19.3,-81.32,0.31,0.68,2.19,0.26,0.61,2.12
1423,MANGALORE,INDIA,12.92,74.8,0.11,0.52,2.03,0.23,0.55,2.06
1426,SOUTH_SOUND,CAYMAN ISLANDS,19.27,-81.38,0.31,0.68,2.19,0.26,0.61,2.12
1428,HAIKOU,CHINA,20.02,110.28,0.21,0.69,2.21,0.23,0.58,2.06
1437,TAGO,JAPAN,34.81,138.76,0.49,0.88,2.49,0.25,0.63,2.24
1438,YAIZU,JAPAN,34.87,138.33,0.53,0.92,2.53,0.25,0.63,2.24
1440,KAMINATO_II,JAPAN,33.13,139.8,0.23,0.65,2.3,0.26,0.67,2.31
1441,KHALKIS_SOUTH,GREECE,38.46,23.59,-0.01,0.36,1.67,0.16,0.53,1.83
1442,HANASAKI_II,JAPAN,43.28,145.57,1.07,1.42,3.05,0.24,0.56,2.19
1444,SPRINGMAID_PIER,UNITED STATES,33.66,-78.92,0.36,0.72,2.15,0.27,0.62,2.05
1445,GADEOKDO,"KOREA, REPUBLIC OF",35.02,128.81,0.23,0.61,2.17,0.26,0.6,2.15
1446,TONGYEONG,"KOREA, REPUBLIC OF",34.83,128.43,0.14,0.52,2.08,0.26,0.59,2.15
1447,LIME_TREE_BAY,"VIRGIN ISLANDS, U.S.",17.69,-64.75,0.25,0.61,2.1,0.27,0.61,2.1
1448,KOSEROW,GERMANY,54.06,14.0,0.15,0.57,1.82,0.18,0.61,1.86
1449,QUINHON,VIET NAM,13.77,109.25,-0.01,0.43,1.94,0.21,0.58,2.09
1450,PENRHYN,COOK ISLANDS,-9.02,-158.07,0.21,0.59,2.17,0.24,0.6,2.18
1451,HIRON_POINT,BANGLADESH,21.78,89.47,0.19,0.64,2.11,0.18,0.52,1.97
1452,FUNAFUTI,TUVALU,-8.53,179.22,0.19,0.65,2.25,0.17,0.62,2.22
1454,KHEPUPARA,BANGLADESH,21.83,89.83,0.61,1.05,2.52,0.19,0.52,1.97
1455,ALMERIA,SPAIN,36.83,-2.48,0.12,0.49,1.81,0.23,0.57,1.88
1456,SINES,PORTUGAL,37.95,-8.88,0.27,0.64,1.98,0.23,0.58,1.92
1468,NICE,FRANCE,43.7,7.29,0.11,0.48,1.75,0.18,0.54,1.81
1469,PORT_VENDRES,FRANCE,42.52,3.11,0.17,0.55,1.83,0.19,0.55,1.83
1470,MONBETU_II,JAPAN,44.35,143.37,0.09,0.4,1.94,0.25,0.56,2.1
1471,PORT_DOUGLAS_2,AUSTRALIA,-16.48,145.47,0.24,0.57,2.11,0.26,0.58,2.12
1473,KAPINGAMARANGI,"MICRONESIA, FEDERATED STATES OF",1.1,154.78,0.2,0.6,2.22,0.23,0.61,2.23
1474,SAIPAN,NORTHERN MARIANA ISLANDS,15.23,145.75,0.16,0.6,2.22,0.22,0.64,2.26
1475,DANANG,VIET NAM,16.1,108.22,0.21,0.63,2.13,0.23,0.58,2.06
1476,COX'S_BAZAAR,BANGLADESH,21.45,91.83,0.01,0.46,1.94,0.19,0.52,1.98
1488,NAGOYA_II,JAPAN,35.09,136.88,-0.09,0.28,1.87,0.26,0.62,2.22
1489,HEUKSANDO,"KOREA, REPUBLIC OF",34.68,125.44,0.03,0.42,1.99,0.25,0.59,2.15
1490,ULLEUNG,"KOREA, REPUBLIC OF",37.49,130.91,0.24,0.65,2.23,0.27,0.62,2.19
1491,TOBERMORY,UNITED KINGDOM,56.62,-6.06,-0.07,0.39,1.58,0.07,0.53,1.72
1492,CAPE_FERGUSON,AUSTRALIA,-19.28,147.06,0.26,0.59,2.1,0.26,0.58,2.1
1493,MOOLOOLABA_2,AUSTRALIA,-26.68,153.13,0.2,0.53,2.01,0.25,0.58,2.06
1495,VUNGTAU,VIET NAM,10.33,107.07,0.17,0.6,2.12,0.23,0.58,2.09
1496,CHARCHANGA,BANGLADESH,22.22,91.05,0.21,0.66,2.13,0.19,0.52,1.97
1501,POINTE_DES_GALETS,RÉUNION,-20.93,55.29,0.18,0.56,2.11,0.23,0.59,2.13
1505,WHITBY,UNITED KINGDOM,54.49,-0.61,0.19,0.66,1.9,0.11,0.58,1.82
1506,PORT_STANVAC,AUSTRALIA,-35.11,138.47,0.27,0.58,1.92,0.23,0.53,1.88
1513,LAOHUTAN,CHINA,38.87,121.68,0.19,0.55,2.06,0.22,0.56,2.08
1522,NASE_III,JAPAN,28.5,129.5,0.2,0.61,2.23,0.25,0.65,2.26
1523,MAIZURU_III,JAPAN,35.45,135.32,0.36,0.73,2.32,0.27,0.62,2.2
1524,CUTLER_II,UNITED STATES,44.64,-67.3,0.28,0.74,2.14,0.21,0.67,2.06
1526,LEITH_II,UNITED KINGDOM,55.99,-3.18,0.0,0.47,1.68,0.09,0.56,1.77
1527,GUNSAN,"KOREA, REPUBLIC OF",35.98,126.56,0.16,0.56,2.11,0.25,0.59,2.13
1544,CHOSHI-GYOKO,JAPAN,35.74,140.86,0.25,0.65,2.29,0.24,0.62,2.27
1545,TOKYO_III,JAPAN,35.65,139.77,0.06,0.45,2.07,0.25,0.62,2.25
1546,GEOMUNDO,"KOREA, REPUBLIC OF",34.03,127.31,0.3,0.7,2.27,0.26,0.59,2.16
1547,PORTLAND,AUSTRALIA,-38.34,141.61,0.22,0.54,1.88,0.22,0.53,1.87
1548,NEWHAVEN,UNITED KINGDOM,50.78,0.06,0.14,0.58,1.85,0.13,0.57,1.83
1549,KING_BAY,AUSTRALIA,-20.62,116.75,0.21,0.58,2.08,0.22,0.58,2.08
1550,PORT_GILES,AUSTRALIA,-35.02,137.77,0.26,0.57,1.92,0.23,0.53,1.89
1551,ROOMPOT_BUITEN,"NETHERLANDS, KINGDOM OF THE",51.62,3.68,0.16,0.6,1.87,0.13,0.57,1.84
1567,KOCHI_III,JAPAN,33.5,133.57,0.1,0.49,2.08,0.25,0.62,2.21
1568,WANDO,"KOREA, REPUBLIC OF",34.32,126.76,0.11,0.51,2.08,0.25,0.59,2.15
1569,SHUTE_HARBOUR_2,AUSTRALIA,-20.28,148.78,0.26,0.6,2.11,0.26,0.59,2.1
1571,PUERTO_ARMUELLES_B,PANAMA,8.27,-82.87,0.25,0.58,2.09,0.25,0.58,2.09
1585,HAMADA_II,JAPAN,34.9,132.07,0.19,0.54,2.11,0.27,0.62,2.19
1586,IZUHARA_II,JAPAN,34.2,129.29,0.19,0.55,2.13,0.26,0.6,2.18
1587,TAPPI,JAPAN,41.24,140.38,0.12,0.48,2.07,0.26,0.59,2.19
1588,CHUJADO,"KOREA, REPUBLIC OF",33.96,126.3,0.15,0.56,2.13,0.26,0.59,2.16
1589,TANJUNG_GELANG,MALAYSIA,3.98,103.43,0.13,0.54,2.08,0.25,0.59,2.11
1590,TAURANGA,NEW ZEALAND,-37.64,176.18,0.24,0.59,2.04,0.23,0.58,2.02
1591,PELABUHAN_KELANG,MALAYSIA,3.05,101.36,0.06,0.48,2.01,0.24,0.58,2.09
1592,CENDERING,MALAYSIA,5.26,103.19,0.12,0.55,2.1,0.24,0.59,2.11
1593,TANJUNG_KELING,MALAYSIA,2.21,102.15,0.04,0.45,1.99,0.25,0.59,2.11
1594,LUMUT,MALAYSIA,4.24,100.61,0.03,0.45,1.98,0.23,0.58,2.1
1595,PULAU_PINANG,MALAYSIA,5.42,100.35,0.08,0.5,2.03,0.23,0.58,2.1
1596,YOSIOKA,JAPAN,41.45,140.25,0.12,0.51,2.09,0.26,0.59,2.17
1597,RIMOUSKI,CANADA,48.48,-68.52,-0.01,0.47,1.82,0.17,0.65,2.0
1600,ZANZIBAR,"TANZANIA, UNITED REPUBLIC OF",-6.15,39.18,0.21,0.58,2.06,0.27,0.6,2.08
1603,PUERTO_SOBERANIA,ANTARCTICA,-62.48,-59.63,-0.39,0.19,1.2,-0.35,0.23,1.24
1627,SEOGWIPO,"KOREA, REPUBLIC OF",33.24,126.56,0.26,0.67,2.25,0.26,0.6,2.17
1628,WIDO,"KOREA, REPUBLIC OF",35.62,126.3,-0.05,0.36,1.92,0.25,0.59,2.14
1629,MOURILYAN_HARBOUR,AUSTRALIA,-17.58,146.08,0.26,0.59,2.11,0.26,0.58,2.12
1630,LUCINDA,AUSTRALIA,-18.52,146.38,0.26,0.59,2.1,0.26,0.58,2.1
1631,ONSLOW,AUSTRALIA,-21.65,115.13,0.21,0.58,2.08,0.22,0.58,2.08
1632,CROMER,UNITED KINGDOM,52.93,1.3,0.17,0.64,1.9,0.12,0.59,1.84
1633,CHERRY_POINT,UNITED STATES,48.86,-122.76,-0.02,0.27,1.64,0.17,0.45,1.82
1634,SAND_POINT,UNITED STATES,55.34,-160.5,0.07,0.47,1.96,0.14,0.51,2.0
1635,CHESAPEAKE_BAY_BR. TUN.,UNITED STATES,36.97,-76.11,0.53,0.9,2.32,0.28,0.65,2.07
1636,DUCK_PIER_OUTSIDE,UNITED STATES,36.18,-75.75,0.5,0.87,2.29,0.28,0.65,2.08
1637,BERGEN_POINT,UNITED STATES,40.64,-74.14,0.42,0.83,2.23,0.26,0.67,2.06
1638,CLEARWATER_BEACH,UNITED STATES,27.98,-82.83,0.38,0.73,2.21,0.28,0.62,2.1
1639,N. SPIT,UNITED STATES,40.77,-124.22,0.45,0.76,2.23,0.22,0.53,2.0
1640,PORT_ORFORD,UNITED STATES,42.74,-124.5,0.1,0.41,1.87,0.22,0.53,1.98
1641,PANAMA_CITY,UNITED STATES,30.15,-85.67,0.29,0.64,2.1,0.26,0.61,2.06
1643,PORT_CHALMERS,NEW ZEALAND,-45.81,170.62,0.22,0.58,1.93,0.21,0.56,1.91
1644,JUAN_FERNANDEZ-C,CHILE,-33.64,-78.83,0.13,0.46,1.81,0.22,0.52,1.86
1645,BALTRA-B,ECUADOR,-0.43,-90.28,0.2,0.57,2.12,0.25,0.59,2.14
1671,ISHIGAKI_II,JAPAN,24.33,124.16,0.19,0.64,2.22,0.23,0.63,2.21
1672,RODRIGUES_IS,MAURITIUS,-19.67,63.42,0.27,0.64,2.19,0.26,0.59,2.14
1673,PORT_LOUIS_II,MAURITIUS,-20.15,57.5,0.18,0.53,2.07,0.24,0.59,2.13
1674,QUARRY_BAY,HONG KONG,22.29,114.21,0.13,0.56,2.06,0.24,0.59,2.08
1675,BORYEONG,"KOREA, REPUBLIC OF",36.41,126.49,0.28,0.69,2.24,0.24,0.59,2.13
1676,PULAU_LANGKAWI,MALAYSIA,6.43,99.76,0.06,0.48,2.02,0.22,0.58,2.1
1677,KUKUP,MALAYSIA,1.33,103.44,0.18,0.6,2.14,0.25,0.59,2.12
1678,PULAU_TIOMAN,MALAYSIA,2.81,104.14,0.1,0.53,2.09,0.25,0.59,2.13
1679,MENTES/IZMIR,TURKEY,38.43,26.72,0.2,0.6,1.92,0.16,0.53,1.84
1681,ANTALYA_II,TURKEY,36.83,30.62,0.24,0.63,1.97,0.19,0.55,1.88
1696,LAKE_WORTH_PIER,UNITED STATES,26.61,-80.03,0.35,0.7,2.17,0.26,0.61,2.09
1699,ANHEUNG,"KOREA, REPUBLIC OF",36.67,126.13,0.07,0.49,2.04,0.24,0.58,2.13
1700,MILFORD_HAVEN,UNITED KINGDOM,51.71,-5.05,0.18,0.6,1.84,0.14,0.55,1.79
1701,VACA_KEY,UNITED STATES,24.71,-81.11,0.38,0.73,2.22,0.29,0.63,2.12
1702,TANJUNG_SEDILI,MALAYSIA,1.93,104.11,0.06,0.48,2.02,0.25,0.59,2.12
1703,GETING,MALAYSIA,6.23,102.11,0.05,0.49,2.02,0.24,0.59,2.11
1704,GOLD_COAST_SEAWAY_2,AUSTRALIA,-27.95,153.42,0.21,0.54,2.01,0.25,0.58,2.06
1706,SUCURAJ,CROATIA,43.13,17.2,0.13,0.51,1.79,0.15,0.51,1.78
1707,GAN_II,MALDIVES,-0.68,73.15,0.22,0.6,2.18,0.27,0.61,2.19
1708,SURIGAO,PHILIPPINES,9.78,125.5,0.16,0.59,2.13,0.19,0.61,2.17
1711,SAN_JOSE,PHILIPPINES,12.33,121.08,0.45,0.86,2.41,0.2,0.6,2.16
1730,NAN_SHA,CHINA,9.55,112.88,0.12,0.6,2.17,0.24,0.6,2.14
1731,FISHGUARD_II,UNITED KINGDOM,52.01,-4.98,0.17,0.58,1.83,0.14,0.54,1.78
1733,KOTA_KINABALU,MALAYSIA,5.98,116.07,0.19,0.56,2.1,0.24,0.6,2.13
1734,TAWAU,MALAYSIA,4.23,117.88,0.15,0.54,2.07,0.23,0.59,2.12
1735,MARSAXLOKK  ,MALTA,35.82,14.53,0.12,0.52,1.87,0.2,0.57,1.9
1745,XI_SHA,CHINA,16.83,112.33,0.27,0.73,2.28,0.2,0.58,2.11
1746,TANJONG_PAGAR,SINGAPORE,1.27,103.85,0.12,0.54,2.09,0.25,0.59,2.12
1747,LES_SABLES_D OLONNE,FRANCE,46.5,-1.79,0.15,0.53,1.8,0.18,0.55,1.83
1748,TRONDHEIM_2,NORWAY,63.44,10.39,-0.32,0.17,1.32,0.0,0.49,1.64
1749,TURTLE_HEAD,AUSTRALIA,-10.52,142.21,0.0,0.35,1.91,0.25,0.59,2.15
1750,NAPIER,NEW ZEALAND,-39.48,176.92,0.26,0.62,2.05,0.23,0.57,2.0
1751,SAN_FELIX,CHILE,-26.29,-80.11,0.14,0.47,1.89,0.22,0.52,1.94
1753,MALE-B,MALDIVES,4.18,73.53,0.24,0.62,2.2,0.27,0.6,2.18
1758,HINKLEY_POINT,UNITED KINGDOM,51.21,-3.13,0.14,0.55,1.8,0.14,0.55,1.79
1759,VIKER,NORWAY,59.04,10.95,-0.19,0.24,1.45,0.13,0.56,1.77
1760,ROSSLYN_BAY,AUSTRALIA,-23.16,150.79,0.26,0.6,2.1,0.25,0.58,2.08
1761,HILLARYS,AUSTRALIA,-31.83,115.74,0.24,0.58,2.01,0.21,0.56,1.99
1762,EXMOUTH,AUSTRALIA,-21.95,114.14,0.22,0.59,2.1,0.22,0.58,2.09
1764,L'ESTARTIT,SPAIN,42.05,3.21,0.14,0.52,1.82,0.19,0.55,1.84
1772,ISLAY,UNITED KINGDOM,55.63,-6.19,-0.06,0.39,1.6,0.09,0.53,1.74
1773,WEYMOUTH,UNITED KINGDOM,50.61,-2.45,0.11,0.53,1.79,0.14,0.55,1.81
1775,KINLOCHBERVIE,UNITED KINGDOM,58.46,-5.05,-0.05,0.44,1.61,0.04,0.53,1.7
1780,ANABAR,RUSSIAN FEDERATION,73.22,113.5,0.06,0.53,1.95,0.16,0.62,2.04
1784,POINTE-A-PITRE,GUADELOUPE,16.22,-61.53,0.09,0.47,1.97,0.27,0.6,2.09
1789,TAKAMATSU_II,JAPAN,34.35,134.06,0.23,0.6,2.19,0.26,0.62,2.2
1790,KOBE_II,JAPAN,34.68,135.19,0.74,1.11,2.7,0.27,0.62,2.21
1792,KO_MATTAPHON,THAILAND,10.45,99.25,0.13,0.57,2.1,0.23,0.58,2.09
1793,PORT_ERIN,ISLE OF MAN,54.09,-4.77,0.04,0.45,1.67,0.12,0.53,1.74
1794,WORKINGTON,UNITED KINGDOM,54.65,-3.57,0.0,0.43,1.64,0.11,0.54,1.75
1795,ST_HELIER,JERSEY,49.18,-2.12,0.12,0.53,1.81,0.15,0.56,1.83
1796,STANLEY_II,FALKLAND ISLANDS (MALVINAS),-51.69,-57.82,0.11,0.44,1.59,0.18,0.46,1.61
1797,HADERA,ISRAEL,32.47,34.86,0.17,0.57,1.94,0.19,0.55,1.91
1799,WINTER_HARBOUR,CANADA,50.52,-128.03,-0.03,0.27,1.67,0.17,0.47,1.87
1800,NOME,UNITED STATES,64.5,-165.43,0.16,0.6,2.05,0.12,0.49,1.92
1801,BOUCAU,FRANCE,43.53,-1.51,0.15,0.53,1.82,0.19,0.56,1.85
1802,LAS_PALMAS_D,SPAIN,28.14,-15.41,0.3,0.68,2.13,0.28,0.63,2.07
1803,TENERIFE,SPAIN,28.48,-16.24,0.3,0.68,2.15,0.27,0.65,2.11
1804,BETIO,KIRIBATI,1.37,172.93,0.23,0.63,2.26,0.23,0.61,2.25
1805,LAUTOKA,FIJI,-17.6,177.44,0.23,0.6,2.19,0.25,0.6,2.19
1806,BILBAO,SPAIN,43.35,-3.05,0.19,0.58,1.89,0.19,0.57,1.86
1807,SANTANDER_III,SPAIN,43.46,-3.79,0.24,0.61,1.92,0.19,0.57,1.87
1808,LA_CORUNA_III,SPAIN,43.36,-8.39,0.25,0.63,1.94,0.2,0.57,1.89
1809,BONANZA,SPAIN,36.8,-6.34,0.27,0.64,1.97,0.23,0.58,1.91
1810,MALAGA_II,SPAIN,36.71,-4.42,0.15,0.5,1.81,0.23,0.58,1.89
1811,BARCELONA,SPAIN,41.34,2.17,0.27,0.65,1.95,0.2,0.56,1.85
1812,TEJN,DENMARK,55.25,14.84,0.1,0.54,1.79,0.17,0.6,1.85
1813,VALENCIA,SPAIN,39.44,-0.31,0.22,0.59,1.91,0.22,0.56,1.87
1816,DAKAR_2,SENEGAL,14.68,-17.42,0.21,0.57,2.04,0.29,0.6,2.06
1830,SHIMONOSEKI_III,JAPAN,33.92,130.93,0.15,0.55,2.13,0.27,0.61,2.19
1833,BINTULU,MALAYSIA,3.26,113.06,0.19,0.56,2.08,0.24,0.59,2.11
1834,SANDAKAN,MALAYSIA,5.81,118.07,0.16,0.54,2.08,0.22,0.6,2.14
1835,SABINE_PASS_NORTH,UNITED STATES,29.73,-93.87,0.65,0.99,2.46,0.26,0.6,2.06
1836,LORNE,AUSTRALIA,-38.55,143.99,0.18,0.5,1.84,0.23,0.53,1.86
1838,MAJURO-C,MARSHALL ISLANDS,7.11,171.37,0.31,0.67,2.34,0.26,0.62,2.3
1839,FUNAFUTI_B,TUVALU,-8.5,179.2,0.19,0.65,2.25,0.17,0.62,2.22
1840,APIA_B,SAMOA,-13.83,-171.76,0.35,0.75,2.34,0.22,0.61,2.21
1841,PORT_VILA_B,VANUATU,-17.76,168.31,0.2,0.56,2.17,0.26,0.59,2.21
1842,NUKU'ALOFA_B,TONGA,-21.14,-175.18,0.25,0.63,2.21,0.24,0.6,2.18
1843,RAROTONGA_B,COOK ISLANDS,-21.2,-159.78,0.21,0.58,2.15,0.25,0.59,2.16
1844,NAURU-B,NAURU,-0.53,166.91,0.23,0.62,2.25,0.24,0.61,2.24
1846,POINT_LA_RUE,SEYCHELLES,-4.67,55.53,0.25,0.64,2.22,0.28,0.63,2.21
1849,KERGUELEN,FRENCH SOUTHERN TERRITORIES,-49.35,70.26,0.21,0.67,2.17,0.23,0.66,2.15
1854,LLANDUDNO,UNITED KINGDOM,53.33,-3.83,0.1,0.52,1.74,0.13,0.54,1.76
1857,PRUDHOE_BAY,UNITED STATES,70.4,-148.53,0.47,0.97,2.38,0.16,0.59,1.98
1858,VIRGINIA_KEY,UNITED STATES,25.73,-80.16,0.37,0.71,2.19,0.28,0.61,2.09
1859,ZADAR,CROATIA,44.12,15.23,0.11,0.5,1.77,0.15,0.5,1.76
1860,LOMBRUM,PAPUA NEW GUINEA,-2.04,147.37,0.2,0.6,2.19,0.23,0.6,2.19
1861,HONIARA-B,SOLOMON ISLANDS,-9.43,159.96,0.09,0.55,2.17,0.15,0.6,2.22
1867,PORTRUSH,UNITED KINGDOM,55.21,-6.66,-0.06,0.39,1.6,0.09,0.54,1.75
1871,GIJON_II,SPAIN,43.56,-5.7,0.15,0.55,1.87,0.19,0.57,1.88
1877,LAHAT_DATU,MALAYSIA,5.02,118.35,0.15,0.54,2.07,0.22,0.59,2.13
1878,BOURNEMOUTH,UNITED KINGDOM,50.71,-1.87,0.12,0.54,1.8,0.14,0.56,1.81
1879,LABUAN_2,MALAYSIA,5.27,115.25,0.19,0.57,2.1,0.24,0.6,2.13
1883,HUELVA,SPAIN,37.13,-6.83,0.2,0.58,1.91,0.23,0.58,1.91
1887,MASIRAH,OMAN,20.68,58.87,0.12,0.48,1.94,0.22,0.54,1.99
1891,TAI_MIU_WAN,HONG KONG,22.27,114.29,0.1,0.58,2.09,0.24,0.59,2.08
1892,PALMA_DE_MALLORCA,SPAIN,39.55,2.64,0.17,0.55,1.88,0.22,0.56,1.89
1894,TUAS,SINGAPORE,1.28,103.67,0.09,0.57,2.13,0.25,0.59,2.12
1895,WEST_COAST,SINGAPORE,1.3,103.77,0.09,0.55,2.11,0.25,0.59,2.12
1896,WEST_TUAS,SINGAPORE,1.34,103.63,0.07,0.53,2.08,0.25,0.59,2.12
1897,VILLAGARCIA,SPAIN,42.6,-8.77,0.25,0.63,1.95,0.21,0.57,1.89
1898,VIGO_II,SPAIN,42.24,-8.73,0.24,0.61,1.92,0.21,0.57,1.88
1902,SHEK_PIK,HONG KONG,22.22,113.89,-0.01,0.46,1.98,0.24,0.59,2.07
1903,CORPUS_CHRISTI,UNITED STATES,27.58,-97.22,0.56,0.9,2.38,0.26,0.59,2.07
1910,CABO_CRUZ,CUBA,19.83,-77.73,0.18,0.56,2.05,0.26,0.59,2.07
1914,PALMEIRA,CAPE VERDE,16.75,-22.98,0.26,0.62,2.11,0.29,0.61,2.09
1915,PORT_BLOC,FRANCE,45.57,-1.06,0.16,0.53,1.81,0.18,0.55,1.83
1921,LE_CROUESTY,FRANCE,47.54,-2.9,0.15,0.52,1.81,0.17,0.55,1.83
1923,HUPO,"KOREA, REPUBLIC OF",36.68,129.45,0.1,0.58,2.16,0.27,0.6,2.15
1925,POHNPEI_C,"MICRONESIA, FEDERATED STATES OF",6.98,158.2,0.3,0.66,2.32,0.26,0.61,2.27
2021,CASILDA_II,CUBA,21.75,-79.99,0.26,0.61,2.09,0.26,0.59,2.06
2025,BUGRINO,RUSSIAN FEDERATION,68.8,49.33,0.37,0.87,2.1,0.1,0.59,1.81
2026,MYS_PIKSHUEVA,RUSSIAN FEDERATION,69.55,32.43,-0.03,0.49,1.65,0.04,0.56,1.72
2027,POLYARNIY,RUSSIAN FEDERATION,69.2,33.48,-0.0,0.51,1.68,0.05,0.57,1.73
2028,TERIBERKA,RUSSIAN FEDERATION,69.2,35.12,0.06,0.58,1.75,0.06,0.57,1.74
2072,PORT_ALMA,AUSTRALIA,-23.58,150.87,0.26,0.6,2.09,0.25,0.58,2.07
2073,URANGAN_II,AUSTRALIA,-25.3,152.92,0.22,0.56,2.05,0.26,0.58,2.08
2074,BOWEN_II,AUSTRALIA,-20.02,148.25,0.26,0.59,2.11,0.26,0.58,2.1
2101,KALIX,SWEDEN,65.7,23.1,-0.8,-0.3,0.87,0.05,0.54,1.72
2102,SKAGSUDDE,SWEDEN,63.19,19.01,-0.74,-0.27,0.91,0.09,0.56,1.74
2103,FORSMARK,SWEDEN,60.41,18.21,-0.51,-0.06,1.15,0.13,0.58,1.79
2104,MARVIKEN,SWEDEN,58.55,16.84,-0.23,0.21,1.43,0.15,0.59,1.81
2105,VISBY,SWEDEN,57.64,18.28,-0.11,0.34,1.57,0.16,0.6,1.83
2106,OSKARSHAMN,SWEDEN,57.27,16.48,-0.07,0.37,1.6,0.16,0.59,1.83
2107,SIMRISHAMN,SWEDEN,55.56,14.36,0.09,0.51,1.76,0.17,0.6,1.85
2108,SKANOR,SWEDEN,55.42,12.83,0.1,0.52,1.76,0.18,0.6,1.84
2109,BARSEBACK,SWEDEN,55.76,12.9,0.09,0.51,1.75,0.17,0.59,1.83
2110,VIKEN,SWEDEN,56.14,12.58,0.07,0.55,1.72,0.17,0.66,1.83
2111,RINGHALS,SWEDEN,57.25,12.11,-0.03,0.38,1.61,0.18,0.59,1.82
2112,STENUNGSUND,SWEDEN,58.09,11.83,-0.14,0.29,1.51,0.14,0.57,1.79
2113,KUNGSVIK,SWEDEN,59.0,11.13,-0.19,0.24,1.45,0.13,0.56,1.77
2123,TRIDENT_PIER,UNITED STATES,28.41,-80.59,0.35,0.7,2.17,0.28,0.63,2.1
2125,ARENA_COVE,UNITED STATES,38.91,-123.71,0.16,0.47,1.95,0.22,0.53,2.01
2126,SANTA_BARBARA,UNITED STATES,34.41,-119.69,0.11,0.4,1.9,0.21,0.51,2.01
2127,PORT_ANGELES,UNITED STATES,48.12,-123.44,0.03,0.33,1.71,0.18,0.47,1.86
2128,KAWAIHAE,UNITED STATES,20.04,-155.83,0.39,0.76,2.45,0.28,0.65,2.34
2133,GOTEBORG-RINGON,SWEDEN,57.72,11.97,-0.1,0.32,1.55,0.15,0.58,1.8
2183,MOMBASA_II,KENYA,-4.07,39.65,0.23,0.6,2.07,0.27,0.6,2.07
2198,LAMU_B,KENYA,-2.27,40.9,0.19,0.56,2.04,0.27,0.6,2.07
2215,BAY_WAVELAND_YACHT_CLUB_II,UNITED STATES,30.33,-89.33,0.55,0.9,2.36,0.26,0.6,2.05
2261,IQUIQUE_II,CHILE,-20.2,-70.15,0.06,0.38,1.79,0.25,0.55,1.96
2262,CORRAL_II,CHILE,-39.88,-73.42,0.09,0.38,1.63,0.22,0.48,1.72
2263,PUNTA_ARENAS_II,CHILE,-53.12,-70.86,-0.04,0.26,1.31,0.15,0.42,1.46
2264,ANCUD,CHILE,-41.87,-73.83,0.07,0.36,1.58,0.21,0.47,1.68
2292,OCEAN_CITY_INLET,UNITED STATES,38.33,-75.09,0.51,0.9,2.32,0.27,0.66,2.08
2294,CAPE_HATTERAS,UNITED STATES,35.22,-75.64,0.48,0.83,2.27,0.29,0.64,2.07
2295,BEAUFORT,UNITED STATES,34.72,-76.67,0.43,0.78,2.21,0.28,0.63,2.06
2310,BRUNSWICK_HEADS,AUSTRALIA,-28.54,153.55,0.22,0.55,2.03,0.25,0.58,2.06
2311,COFFS_HARBOUR_III,AUSTRALIA,-30.3,153.15,0.26,0.6,2.07,0.25,0.58,2.06
2312,JERVIS_BAY_II,AUSTRALIA,-35.12,150.71,0.15,0.51,1.95,0.24,0.59,2.04
2313,PORT_MACQUARIE,AUSTRALIA,-31.43,152.91,0.27,0.62,2.08,0.25,0.59,2.05
2314,TWEED_HEADS,AUSTRALIA,-28.17,153.55,0.21,0.55,2.02,0.25,0.58,2.06
2316,PORT_STEPHENS,AUSTRALIA,-32.71,152.18,0.24,0.59,2.05,0.25,0.59,2.05
2322,KINGS_POINT,UNITED STATES,40.81,-73.77,0.37,0.79,2.18,0.25,0.67,2.07
2323,TOLCHESTER_BEACH,UNITED STATES,39.21,-76.25,0.44,0.83,2.23,0.27,0.66,2.05
2324,LEWISETTA,UNITED STATES,37.99,-76.47,0.52,0.91,2.31,0.28,0.66,2.06
2325,OREGON_INLET_MARINA,UNITED STATES,35.8,-75.55,0.51,0.88,2.31,0.28,0.65,2.08
2326,MAYPORT,UNITED STATES,30.4,-81.43,0.37,0.71,2.17,0.28,0.63,2.08
2329,REDWOOD_CITY,UNITED STATES,37.51,-122.21,0.23,0.54,2.03,0.2,0.5,1.98
2330,PORT_CHICAGO,UNITED STATES,38.05,-122.04,0.24,0.54,2.01,0.19,0.49,1.97
2356,SUVA-B,FIJI,-18.13,178.43,0.24,0.6,2.19,0.25,0.6,2.18
2358,SYDNEY_PORT_JACKSON,AUSTRALIA,-33.83,151.26,0.18,0.53,1.98,0.24,0.59,2.04
