location,lat,lon,gauge_id,gauge_name,gauge_country,low-end,low,central,high,high-end
1,48.38,-4.49,1,BREST,FRANCE,0.17,0.3,0.55,0.95,1.84
2,53.92,14.23,2,SWINOUJSCIE,POLAND,0.18,0.32,0.61,1.04,1.86
3,51.45,0.74,3,SHEERNESS,UNITED KINGDOM,0.14,0.29,0.58,1.0,1.83
5,53.31,-4.62,5,HOLYHEAD,UNITED KINGDOM,0.13,0.28,0.54,0.93,1.76
7,53.87,8.72,7,CUXHAVEN_2,GERMANY,0.13,0.28,0.57,1.0,1.82
8,53.9,11.46,8,WISMAR_2,GERMANY,0.05,0.25,0.63,1.13,1.93
9,51.92,4.25,9,MAASSLUIS,"NETHERLANDS, KINGDOM OF THE",0.13,0.28,0.57,1.0,1.84
10,37.81,-122.47,10,SAN_FRANCISCO,UNITED STATES,0.21,0.3,0.5,0.89,1.99
11,54.17,12.1,11,WARNEMUNDE_2,GERMANY,0.18,0.32,0.6,1.03,1.85
12,40.7,-74.01,12,NEW_YORK,UNITED STATES,0.26,0.38,0.67,1.1,2.07
13,53.96,10.87,13,TRAVEMUNDE,GERMANY,0.16,0.31,0.61,1.05,1.86
14,60.15,24.96,14,HELSINKI,FINLAND,0.14,0.29,0.59,1.02,1.81
15,53.4,-3.0,15,LIVERPOOL_GEORGES_AND_PRINCES_PIERS,UNITED KINGDOM,0.13,0.28,0.55,0.94,1.77
16,60.85,21.18,16,LYOKKI,FINLAND,0.12,0.28,0.58,1.01,1.79
17,60.6,21.23,17,LYPYRTTI,FINLAND,0.13,0.29,0.59,1.01,1.8
18,59.95,22.37,18,JUNGFRUSUND,FINLAND,0.13,0.29,0.59,1.03,1.82
20,51.44,3.6,20,VLISSINGEN,"NETHERLANDS, KINGDOM OF THE",0.14,0.28,0.57,1.0,1.84
21,57.15,-2.08,21,ABERDEEN_II,UNITED KINGDOM,0.07,0.26,0.56,0.98,1.78
22,51.98,4.12,22,HOEK_VAN_HOLLAND,"NETHERLANDS, KINGDOM OF THE",0.13,0.28,0.57,1.0,1.84
23,52.96,4.75,23,DEN_HELDER,"NETHERLANDS, KINGDOM OF THE",0.13,0.28,0.57,1.0,1.83
24,53.33,6.93,24,DELFZIJL,"NETHERLANDS, KINGDOM OF THE",0.13,0.28,0.58,1.01,1.83
25,53.18,5.41,25,HARLINGEN,"NETHERLANDS, KINGDOM OF THE",0.13,0.28,0.57,1.0,1.82
26,56.53,20.98,26,LIEPAJA,LATVIA,0.16,0.3,0.61,1.04,1.85
27,59.78,21.37,27,UTO,FINLAND,0.13,0.29,0.59,1.02,1.82
28,59.77,22.95,28,RUSSARO,FINLAND,0.13,0.29,0.59,1.03,1.82
29,60.12,25.42,29,SODERSKAR,FINLAND,0.14,0.29,0.59,1.03,1.82
30,63.07,20.8,30,RONNSKAR,FINLAND,0.09,0.27,0.57,0.99,1.75
31,59.2,17.62,31,NEDRE_SODERTALJE,SWEDEN,0.14,0.29,0.59,1.01,1.8
32,52.46,4.55,32,IJMUIDEN,"NETHERLANDS, KINGDOM OF THE",0.13,0.28,0.57,1.01,1.84
33,59.68,10.6,33,OSCARSBORG,NORWAY,0.12,0.29,0.56,0.99,1.76
34,63.43,10.43,34,TRONDHEIM,NORWAY,0.0,0.2,0.49,0.89,1.64
37,57.05,24.03,37,DAUGAVGRIVA,LATVIA,0.16,0.3,0.61,1.05,1.85
39,45.42,12.33,39,VENEZIA,ITALY,0.15,0.26,0.5,0.88,1.75
41,42.17,41.68,41,POTI,GEORGIA,0.04,0.19,0.46,0.84,1.75
42,44.62,33.53,42,SEVASTOPOL,UKRAINE,0.04,0.2,0.46,0.94,1.8
43,18.92,72.83,43,MUMBAI,INDIA,0.2,0.28,0.51,0.95,1.99
44,12.79,44.97,44,ADEN,YEMEN,0.24,0.33,0.55,0.97,1.98
45,68.21,14.48,45,KABELVAG,NORWAY,-0.02,0.22,0.51,0.91,1.63
47,58.97,5.73,47,STAVANGER,NORWAY,0.07,0.27,0.58,1.01,1.8
48,22.53,88.33,48,KIDDERPORE,INDIA,0.17,0.28,0.5,0.91,1.93
51,41.63,41.7,51,BATUMI,GEORGIA,0.04,0.19,0.46,0.85,1.75
52,38.68,-9.42,52,CASCAIS,PORTUGAL,0.22,0.34,0.58,0.98,1.92
57,63.08,21.57,57,VAASA,FINLAND,0.1,0.27,0.57,0.99,1.76
58,60.4,5.32,58,BERGEN,NORWAY,0.06,0.26,0.56,0.99,1.76
59,44.4,8.9,59,GENOVA,ITALY,0.17,0.28,0.53,0.91,1.78
61,43.28,5.35,61,MARSEILLE,FRANCE,0.18,0.29,0.54,0.92,1.82
62,59.91,10.73,62,OSLO,NORWAY,0.12,0.29,0.56,0.98,1.76
63,60.03,19.88,63,KOBBAKLINTAR,ÅLAND ISLANDS,0.13,0.29,0.59,1.01,1.81
64,54.4,18.68,64,GDANSK/NOWY_PORT,POLAND,0.18,0.31,0.61,1.05,1.87
65,-33.85,151.23,65,SYDNEY,AUSTRALIA,0.24,0.34,0.59,1.03,2.04
68,58.74,17.87,68,LANDSORT,SWEDEN,0.15,0.3,0.59,1.02,1.82
69,57.37,17.1,69,OLANDS_NORRA_UDDE,SWEDEN,0.16,0.3,0.6,1.03,1.83
70,56.11,15.59,70,KUNGSHOLMSFORT,SWEDEN,0.16,0.31,0.6,1.03,1.84
71,59.82,22.98,71,HANKO,FINLAND,0.13,0.29,0.59,1.03,1.82
72,55.42,13.82,72,YSTAD,SWEDEN,0.17,0.31,0.6,1.03,1.84
73,57.1,12.22,73,VARBERG,SWEDEN,0.17,0.32,0.6,1.03,1.83
76,56.15,10.22,76,AARHUS,DENMARK,0.16,0.31,0.59,1.01,1.82
77,59.28,19.03,77,GRONSKAR,SWEDEN,0.14,0.29,0.59,1.02,1.81
78,59.32,18.08,78,STOCKHOLM,SWEDEN,0.14,0.29,0.59,1.01,1.8
79,65.04,25.42,79,OULU,FINLAND,0.07,0.25,0.55,0.98,1.74
80,55.46,8.44,80,ESBJERG,DENMARK,0.12,0.28,0.57,1.0,1.82
81,55.56,9.75,81,FREDERICIA,DENMARK,0.15,0.3,0.58,1.01,1.82
82,55.7,12.6,82,KOBENHAVN,DENMARK,0.17,0.31,0.59,1.02,1.83
83,60.7,28.73,83,VYBORG,RUSSIAN FEDERATION,0.15,0.29,0.59,1.01,1.79
84,60.1,20.02,84,LEMSTROM,ÅLAND ISLANDS,0.13,0.29,0.59,1.01,1.81
86,63.83,23.03,86,YKSPIHLAJA,FINLAND,0.08,0.26,0.57,0.99,1.75
87,45.42,12.35,87,VENEZIA,ITALY,0.15,0.26,0.5,0.88,1.75
88,63.99,20.89,88,RATAN,SWEDEN,0.07,0.26,0.56,0.98,1.74
89,57.6,9.96,89,HIRTSHALS,DENMARK,0.14,0.3,0.58,1.01,1.8
90,60.63,17.97,90,BJORN,SWEDEN,0.12,0.29,0.58,1.0,1.78
91,57.44,10.55,91,FREDERIKSHAVN,DENMARK,0.15,0.3,0.58,1.01,1.81
94,34.9,132.07,94,TONOURA,JAPAN,0.27,0.36,0.62,1.07,2.19
95,55.01,-1.44,95,NORTH_SHIELDS,UNITED KINGDOM,0.1,0.28,0.57,0.99,1.8
96,44.67,-63.58,96,HALIFAX,CANADA,0.19,0.35,0.67,1.13,2.07
97,58.37,11.25,97,BACKEVIK,SWEDEN,0.14,0.3,0.57,1.0,1.79
98,55.29,10.83,98,SLIPSHAVN,DENMARK,0.18,0.32,0.6,1.02,1.84
99,60.68,17.17,99,NEDRE_GAVLE,SWEDEN,0.12,0.28,0.58,1.0,1.77
104,39.2,9.17,104,CAGLIARI,ITALY,0.21,0.31,0.57,0.96,1.88
105,40.84,14.26,105,NAPOLI,ITALY,0.19,0.3,0.55,0.94,1.84
106,42.05,11.82,106,CIVITAVECCHIA,ITALY,0.19,0.3,0.55,0.94,1.84
107,38.13,13.33,107,PALERMO,ITALY,0.21,0.31,0.57,0.97,1.89
108,43.87,8.02,108,PORTO_MAURIZIO,ITALY,0.18,0.29,0.54,0.92,1.8
111,-32.06,115.74,111,FREMANTLE,AUSTRALIA,0.21,0.32,0.56,0.94,1.99
112,30.67,-81.47,112,FERNANDINA_BEACH,UNITED STATES,0.28,0.38,0.63,1.04,2.08
113,55.33,11.14,113,KORSOR,DENMARK,0.16,0.31,0.61,1.05,1.86
118,55.7,21.13,118,KLAIPEDA,LITHUANIA,0.17,0.31,0.61,1.05,1.86
119,56.09,12.46,119,HORNBAEK,DENMARK,0.17,0.31,0.65,1.02,1.83
120,54.57,11.93,120,GEDSER,DENMARK,0.18,0.32,0.66,1.03,1.85
122,62.37,17.53,122,DRAGHALLAN,SWEDEN,0.09,0.27,0.57,0.98,1.74
127,47.6,-122.34,127,SEATTLE,UNITED STATES,0.19,0.28,0.48,0.83,1.86
129,40.87,14.27,129,NAPOLI,ITALY,0.19,0.3,0.55,0.94,1.84
130,35.16,139.62,130,ABURATSUBO,JAPAN,0.25,0.36,0.63,1.1,2.25
131,38.3,141.51,131,AYUKAWA,JAPAN,0.22,0.33,0.61,1.13,2.27
132,37.41,136.9,132,WAJIMA,JAPAN,0.27,0.37,0.61,1.07,2.21
133,32.43,131.67,133,HOSOJIMA,JAPAN,0.25,0.35,0.63,1.08,2.22
134,33.48,135.77,134,KUSHIMOTO,JAPAN,0.24,0.35,0.62,1.11,2.24
135,39.93,-75.14,135,PHILADELPHIA,UNITED STATES,0.27,0.38,0.66,1.09,2.06
138,48.52,-68.47,138,POINTE-AU-PERE,CANADA,0.17,0.34,0.65,1.12,2.0
139,43.28,145.58,139,HANASAKI,JAPAN,0.24,0.33,0.56,1.06,2.19
140,58.95,11.18,140,STROMSTAD,SWEDEN,0.13,0.29,0.56,0.99,1.77
142,60.1,23.55,142,SKURU,FINLAND,0.13,0.29,0.59,1.02,1.81
145,14.58,120.97,145,MANILA,PHILIPPINES,0.2,0.32,0.6,1.01,2.14
146,54.6,18.8,146,HEL,POLAND,0.18,0.31,0.61,1.05,1.87
148,39.27,-76.58,148,BALTIMORE,UNITED STATES,0.27,0.39,0.66,1.09,2.05
150,-36.84,174.77,150,AUCKLAND_II,NEW ZEALAND,0.22,0.32,0.58,1.02,2.04
154,45.65,13.76,154,TRIESTE,ITALY,0.14,0.26,0.49,0.88,1.74
155,21.31,-157.87,155,HONOLULU,UNITED STATES,0.28,0.38,0.65,1.11,2.35
157,-34.6,-58.37,157,BUENOS_AIRES,ARGENTINA,0.21,0.29,0.52,0.89,1.85
158,32.71,-117.17,158,SAN_DIEGO,UNITED STATES,0.21,0.29,0.5,0.89,2.0
159,43.22,140.87,159,OSHORO_I,JAPAN,0.26,0.35,0.57,1.02,2.14
161,29.31,-94.79,161,GALVESTON_II,UNITED STATES,0.26,0.36,0.6,1.02,2.07
162,37.1,-8.67,162,LAGOS,PORTUGAL,0.23,0.34,0.59,0.98,1.93
163,8.97,-79.57,163,BALBOA,PANAMA,0.29,0.38,0.63,1.03,2.13
164,60.45,26.95,164,KOTKA,FINLAND,0.14,0.29,0.59,1.03,1.81
165,49.15,-125.92,165,TOFINO,CANADA,0.17,0.26,0.46,0.8,1.86
166,48.42,-123.37,166,VICTORIA,CANADA,0.18,0.27,0.47,0.81,1.85
167,54.32,-130.33,167,PRINCE_RUPERT,CANADA,0.18,0.27,0.47,0.8,1.83
168,45.43,12.33,168,VENEZIA,ITALY,0.15,0.26,0.5,0.88,1.75
169,9.35,-79.92,169,CRISTOBAL,PANAMA,0.29,0.39,0.64,1.06,2.15
172,61.59,21.46,172,MANTYLUOTO,FINLAND,0.12,0.28,0.58,1.0,1.78
174,11.8,99.82,174,KO_LAK,THAILAND,0.23,0.33,0.57,0.98,2.07
175,49.28,-123.12,175,VANCOUVER,CANADA,0.15,0.24,0.43,0.77,1.8
176,50.5,-59.48,176,HARRINGTON_HBR,CANADA,0.15,0.33,0.64,1.1,1.96
179,58.35,11.22,179,SMOGEN,SWEDEN,0.14,0.3,0.57,1.0,1.79
180,39.35,-74.42,180,ATLANTIC_CITY,UNITED STATES,0.27,0.39,0.67,1.1,2.08
183,43.66,-70.25,183,PORTLAND ,UNITED STATES,0.22,0.36,0.67,1.14,2.08
188,24.55,-81.81,188,KEY_WEST,UNITED STATES,0.29,0.38,0.62,1.04,2.12
189,-20.32,118.57,189,PORT_HEDLAND,AUSTRALIA,0.22,0.33,0.58,1.0,2.07
190,56.01,-2.52,190,DUNBAR,UNITED KINGDOM,0.09,0.27,0.56,0.98,1.79
193,49.33,-123.25,193,POINT_ATKINSON,CANADA,0.14,0.23,0.43,0.76,1.79
194,63.71,22.69,194,PIETARSAARI ,FINLAND,0.08,0.26,0.57,0.99,1.75
195,45.27,-66.07,195,SAINT_JOHN,CANADA,0.19,0.35,0.66,1.13,2.05
196,-33.85,151.23,196,SYDNEY,AUSTRALIA,0.24,0.34,0.59,1.03,2.04
202,50.1,-5.54,202,NEWLYN,UNITED KINGDOM,0.15,0.29,0.55,0.96,1.82
203,64.92,21.23,203,FURUOGRUND,SWEDEN,0.06,0.25,0.56,0.97,1.72
204,24.81,66.97,204,KARACHI,PAKISTAN,0.12,0.21,0.44,0.88,1.88
205,13.1,80.3,205,CHENNAI,INDIA,0.21,0.31,0.54,0.98,2.06
208,38.34,-0.48,208,ALICANTE,SPAIN,0.22,0.32,0.56,0.96,1.87
209,36.53,-6.31,209,CADIZ_II,SPAIN,0.23,0.34,0.58,0.98,1.92
210,16.77,96.17,210,RANGOON,MYANMAR,0.21,0.31,0.54,0.95,2.01
213,-46.6,168.35,213,BLUFF,NEW ZEALAND,0.23,0.32,0.56,0.98,1.9
214,51.96,1.35,214,FELIXSTOWE,UNITED KINGDOM,0.13,0.28,0.58,1.01,1.84
215,44.1,39.07,215,TUAPSE,RUSSIAN FEDERATION,0.04,0.2,0.47,0.85,1.74
216,-33.18,138.01,216,PORT_PIRIE,AUSTRALIA,0.23,0.32,0.53,0.88,1.88
217,-36.84,174.77,217,AUCKLAND-WAITEMATA_HARBOUR,NEW ZEALAND,0.22,0.32,0.58,1.02,2.04
219,54.6,-5.92,219,BELFAST_2,UNITED KINGDOM,0.11,0.27,0.53,0.91,1.74
221,-41.28,174.78,221,WELLINGTON_HARBOUR,NEW ZEALAND,0.23,0.32,0.57,1.01,1.99
223,-38.58,-58.7,223,QUEQUEN,ARGENTINA,0.21,0.29,0.51,0.88,1.83
224,38.78,-75.12,224,LEWES,UNITED STATES,0.28,0.39,0.66,1.09,2.07
225,55.33,-131.62,225,KETCHIKAN,UNITED STATES,0.17,0.27,0.47,0.8,1.82
226,61.48,21.33,226,SAPPI,FINLAND,0.12,0.28,0.58,1.0,1.78
227,60.08,26.98,227,SUR_SARI,RUSSIAN FEDERATION,0.14,0.29,0.6,1.03,1.82
229,65.67,24.52,229,KEMI,FINLAND,0.05,0.24,0.54,0.97,1.72
230,-34.72,135.87,230,PORT_LINCOLN,AUSTRALIA,0.23,0.32,0.54,0.89,1.9
231,60.2,19.3,231,HELIGMAN,ÅLAND ISLANDS,0.13,0.29,0.58,1.01,1.8
234,32.78,-79.92,234,CHARLESTON_I,UNITED STATES,0.28,0.38,0.62,1.03,2.06
235,42.35,-71.05,235,BOSTON,UNITED STATES,0.23,0.36,0.68,1.13,2.08
236,53.36,5.22,236,WEST-TERSCHELLING,"NETHERLANDS, KINGDOM OF THE",0.13,0.28,0.57,1.0,1.83
237,60.35,28.62,237,PRIMORSK,RUSSIAN FEDERATION,0.15,0.29,0.6,1.01,1.8
238,59.85,23.25,238,TVARMINNE,FINLAND,0.14,0.29,0.59,1.03,1.82
239,60.43,22.1,239,TURKU,FINLAND,0.13,0.28,0.59,1.02,1.8
240,64.67,24.41,240,RAAHE,FINLAND,0.07,0.26,0.56,0.98,1.74
245,33.72,-118.27,245,LOS_ANGELES,UNITED STATES,0.21,0.29,0.5,0.89,2.0
246,30.4,-87.21,246,PENSACOLA,UNITED STATES,0.26,0.36,0.6,1.02,2.05
247,-43.61,172.72,247,PORT_LYTTELTON,NEW ZEALAND,0.23,0.32,0.58,1.01,1.96
248,1.46,103.79,248,JOHOR_BAHRU,MALAYSIA,0.25,0.35,0.59,1.0,2.12
249,60.03,20.38,249,FOGLO,ÅLAND ISLANDS,0.13,0.29,0.59,1.02,1.81
253,31.25,32.3,253,PORT_SAID,EGYPT,0.19,0.3,0.56,0.99,1.92
255,51.11,1.32,255,DOVER,UNITED KINGDOM,0.14,0.29,0.58,1.0,1.84
256,32.87,-117.26,256,LA_JOLLA,UNITED STATES,0.2,0.29,0.5,0.89,1.99
258,37.74,-25.67,258,PONTA_DELGADA,PORTUGAL,0.21,0.32,0.59,1.01,2.0
259,-43.61,172.72,259,LYTTELTON_II,NEW ZEALAND,0.23,0.32,0.58,1.01,1.96
260,6.07,121.0,260,JOLO,PHILIPPINES,0.21,0.33,0.6,1.02,2.16
265,46.21,-123.77,265,ASTORIA,UNITED STATES,0.2,0.29,0.5,0.85,1.92
266,60.12,-149.43,266,SEWARD,UNITED STATES,-0.1,0.04,0.26,0.51,1.53
267,-32.92,151.8,267,NEWCASTLE_III,AUSTRALIA,0.25,0.34,0.59,1.04,2.05
269,22.2,113.55,269,MACAU,MACAO,0.24,0.33,0.59,0.98,2.07
270,29.23,-81.0,270,DAYTONA_BEACH,UNITED STATES,0.28,0.38,0.63,1.04,2.09
271,54.93,10.07,271,MOMMARK,DENMARK,0.16,0.31,0.59,1.02,1.83
284,-29.87,31.05,284,DURBAN,SOUTH AFRICA,0.27,0.36,0.6,1.0,2.1
285,62.34,21.21,285,KASKINEN,FINLAND,0.11,0.28,0.58,0.99,1.77
286,53.63,-0.19,286,IMMINGHAM,UNITED KINGDOM,0.12,0.28,0.58,1.01,1.83
288,43.08,-70.74,288,SEAVEY_ISLAND,UNITED STATES,0.22,0.36,0.67,1.14,2.08
289,54.95,20.22,289,PIONERSKY,RUSSIAN FEDERATION,0.17,0.31,0.61,1.05,1.87
299,36.95,-76.33,299,SEWELLS_POINT,UNITED STATES,0.28,0.39,0.65,1.07,2.06
300,19.73,-155.06,300,HILO,UNITED STATES,0.28,0.38,0.65,1.1,2.34
302,58.01,7.55,302,TREGDE,NORWAY,0.11,0.28,0.58,1.01,1.8
303,28.48,-16.24,303,SANTA_CRUZ_DE_TENERIFE_I,SPAIN,0.27,0.38,0.65,1.11,2.11
310,-29.43,153.36,310,YAMBA,AUSTRALIA,0.25,0.34,0.58,1.01,2.05
311,38.98,-76.48,311,ANNAPOLIS,UNITED STATES,0.27,0.38,0.66,1.09,2.05
312,68.43,17.43,312,NARVIK,NORWAY,-0.01,0.23,0.52,0.92,1.63
313,63.43,9.1,313,HEIMSJO,NORWAY,0.0,0.21,0.5,0.9,1.65
314,58.21,-6.39,314,STORNOWAY,UNITED KINGDOM,0.04,0.25,0.52,0.9,1.69
315,60.56,27.18,315,HAMINA,FINLAND,0.14,0.29,0.59,1.03,1.81
316,30.39,-81.43,316,MAYPORT,UNITED STATES,0.28,0.38,0.63,1.04,2.08
317,42.48,27.48,317,BOURGAS,BULGARIA,0.05,0.2,0.47,0.93,1.79
318,43.18,27.92,318,VARNA,BULGARIA,0.03,0.19,0.45,0.92,1.77
320,-32.92,151.8,320,NEWCASTLE_I,AUSTRALIA,0.25,0.34,0.59,1.04,2.05
330,55.52,12.89,330,KLAGSHAMN,SWEDEN,0.17,0.31,0.6,1.02,1.84
331,4.88,-1.75,331,TAKORADI,GHANA,0.28,0.37,0.61,1.02,2.07
332,44.9,-66.98,332,EASTPORT,UNITED STATES,0.2,0.35,0.66,1.13,2.05
333,22.3,114.2,333,NORTH_POINT,HONG KONG,0.24,0.33,0.59,0.99,2.08
334,51.51,0.72,334,SOUTHEND,UNITED KINGDOM,0.14,0.29,0.58,1.0,1.83
335,51.47,0.37,335,TILBURY,UNITED KINGDOM,0.14,0.29,0.57,0.99,1.83
336,51.5,0.08,336,TOWER_PIER,UNITED KINGDOM,0.14,0.29,0.57,0.99,1.82
350,50.8,-1.11,350,PORTSMOUTH,UNITED KINGDOM,0.13,0.28,0.56,0.98,1.82
351,41.51,-71.33,351,NEWPORT,UNITED STATES,0.23,0.37,0.68,1.14,2.1
352,43.51,16.44,352,SPLIT - GRADSKA_LUKA,CROATIA,0.15,0.26,0.51,0.9,1.77
353,45.3,14.53,353,BAKAR,CROATIA,0.14,0.26,0.49,0.88,1.75
359,34.92,139.82,359,MERA,JAPAN,0.25,0.36,0.63,1.11,2.26
360,38.87,-77.02,360,WASHINGTON_DC,UNITED STATES,0.28,0.39,0.66,1.08,2.05
361,57.14,-2.08,361,ABERDEEN_I,UNITED KINGDOM,0.07,0.26,0.56,0.98,1.78
362,40.79,-73.78,362,WILLETS_POINT,UNITED STATES,0.25,0.38,0.67,1.1,2.07
363,25.77,-80.13,363,MIAMI_BEACH,UNITED STATES,0.27,0.37,0.61,1.02,2.09
366,40.47,-74.01,366,SANDY_HOOK,UNITED STATES,0.26,0.38,0.67,1.1,2.07
367,41.52,-70.67,367,WOODS_HOLE,UNITED STATES,0.23,0.37,0.68,1.14,2.1
368,32.37,-64.7,368,ST. GEORGES,BERMUDA,0.16,0.27,0.5,0.86,1.91
369,22.55,88.3,369,GARDEN_REACH,INDIA,0.17,0.28,0.5,0.91,1.93
373,40.63,22.93,373,THESSALONIKI,GREECE,0.15,0.27,0.52,0.91,1.8
374,37.94,23.63,374,PIRAIEVS,GREECE,0.17,0.28,0.54,0.93,1.84
375,40.93,24.41,375,KAVALLA,GREECE,0.14,0.26,0.51,0.9,1.79
376,61.13,21.43,376,RAUMA,FINLAND,0.12,0.28,0.58,1.0,1.79
377,34.01,-118.5,377,SANTA_MONICA,UNITED STATES,0.21,0.29,0.5,0.88,1.99
378,41.74,-124.18,378,CRESCENT_CITY,UNITED STATES,0.22,0.31,0.53,0.89,1.98
379,44.17,28.67,379,CONSTANTZA,ROMANIA,0.03,0.19,0.45,0.83,1.72
384,48.55,-123.01,384,FRIDAY_HARBOR,UNITED STATES,0.17,0.26,0.46,0.8,1.84
385,48.37,-124.61,385,NEAH_BAY,UNITED STATES,0.18,0.27,0.47,0.81,1.87
386,-32.15,133.64,386,THEVENARD,AUSTRALIA,0.23,0.32,0.54,0.9,1.91
392,47.57,-59.13,392,PORT_AUX_BASQUES,CANADA,0.18,0.35,0.66,1.13,2.03
393,47.57,-52.72,393,ST. JOHN'S,CANADA,0.16,0.34,0.66,1.13,2.03
394,10.3,123.92,394,CEBU,PHILIPPINES,0.2,0.32,0.61,1.02,2.17
395,32.03,-80.9,395,FORT_PULASKI,UNITED STATES,0.28,0.38,0.62,1.03,2.06
396,34.23,-77.95,396,WILMINGTON,UNITED STATES,0.26,0.37,0.62,1.04,2.05
397,54.51,13.64,397,SASSNITZ,GERMANY,0.18,0.32,0.6,1.04,1.85
398,61.92,5.63,398,KJOLSDAL,NORWAY,0.05,0.25,0.53,0.94,1.7
399,36.82,-76.29,399,PORTSMOUTH,UNITED STATES,0.28,0.39,0.65,1.07,2.06
401,58.97,9.88,401,NEVLUNGHAVN,NORWAY,0.12,0.29,0.57,0.99,1.78
405,58.3,-134.41,405,JUNEAU,UNITED STATES,0.15,0.25,0.45,0.77,1.78
407,35.02,138.89,407,UCHIURA,JAPAN,0.25,0.36,0.63,1.09,2.24
408,38.37,26.14,408,KHIOS,GREECE,0.16,0.28,0.54,0.94,1.85
409,37.95,22.96,409,POSIDHONIA,GREECE,0.17,0.29,0.54,0.93,1.84
410,38.96,20.76,410,PREVEZA,GREECE,0.18,0.29,0.54,0.93,1.84
411,37.02,22.12,411,KALAMAI,GREECE,0.19,0.3,0.54,0.94,1.86
412,38.32,-76.45,412,SOLOMON'S_ISLAND,UNITED STATES,0.28,0.38,0.66,1.08,2.06
413,51.23,2.92,413,OOSTENDE,BELGIUM,0.14,0.29,0.57,1.0,1.84
414,17.68,83.28,414,VISAKHAPATNAM,INDIA,0.18,0.28,0.51,0.95,1.99
417,21.65,88.05,417,SAUGOR/SAGAR,INDIA,0.18,0.28,0.51,0.92,1.95
418,19.91,-75.15,418,GUANTANAMO_BAY,CUBA,0.26,0.36,0.6,1.0,2.09
420,21.8,72.3,420,BHAUNAGAR_I,INDIA,0.12,0.21,0.44,0.88,1.89
425,69.33,16.13,425,ANDENES,NORWAY,-0.04,0.21,0.51,0.91,1.63
426,57.05,-135.34,426,SITKA,UNITED STATES,0.16,0.26,0.47,0.79,1.82
427,46.23,-63.12,427,CHARLOTTETOWN,CANADA,0.18,0.35,0.67,1.14,2.06
428,29.14,-83.03,428,CEDAR_KEY_II,UNITED STATES,0.28,0.37,0.62,1.04,2.08
429,41.36,-72.09,429,NEW_LONDON,UNITED STATES,0.24,0.37,0.68,1.12,2.08
430,41.81,-71.4,430,PROVIDENCE,UNITED STATES,0.23,0.36,0.67,1.13,2.08
431,-34.9,-56.25,431,MONTEVIDEO,URUGUAY,0.22,0.3,0.53,0.91,1.88
432,53.35,-6.22,432,DUBLIN,IRELAND,0.12,0.28,0.54,0.92,1.76
433,-34.48,-57.85,433,COLONIA,URUGUAY,0.21,0.29,0.52,0.89,1.86
434,-34.97,-54.95,434,PUNTA_DEL_ESTE,URUGUAY,0.22,0.3,0.53,0.92,1.91
435,54.15,-4.47,435,DOUGLAS,ISLE OF MAN,0.12,0.28,0.54,0.92,1.75
437,37.77,-122.3,437,ALAMEDA,UNITED STATES,0.2,0.29,0.5,0.88,1.99
438,9.97,76.27,438,COCHIN,INDIA,0.24,0.33,0.57,1.01,2.1
440,29.37,-91.39,440,EUGENE_ISLAND,UNITED STATES,0.26,0.36,0.6,1.03,2.07
444,13.55,100.58,444,FORT_PHRACHULA_CHOMKLAO,THAILAND,0.23,0.33,0.57,0.97,2.04
445,59.55,-139.73,445,YAKUTAT,UNITED STATES,0.11,0.22,0.43,0.74,1.76
446,7.83,98.43,446,KO_TAPHAO_NOI,THAILAND,0.22,0.33,0.58,0.99,2.11
447,58.77,-94.18,447,CHURCHILL,CANADA,0.18,0.35,0.63,1.19,2.04
448,-34.78,138.48,448,PORT_ADELAIDE,AUSTRALIA,0.23,0.32,0.53,0.88,1.88
449,13.15,100.82,449,KO_SICHANG,THAILAND,0.23,0.33,0.57,0.97,2.06
453,49.48,0.11,453,LE_HAVRE,FRANCE,0.14,0.28,0.56,0.98,1.83
454,48.64,-2.03,454,ST. MALO,FRANCE,0.16,0.29,0.55,0.96,1.82
455,50.97,1.87,455,CALAIS,FRANCE,0.15,0.29,0.58,1.0,1.84
456,3.9,-77.1,456,BUENAVENTURA,COLOMBIA,0.24,0.34,0.56,0.96,2.02
457,47.27,-2.2,457,ST. NAZAIRE,FRANCE,0.18,0.3,0.55,0.94,1.82
458,-17.0,-72.12,458,MATARANI,PERU,0.25,0.34,0.56,0.94,1.97
460,40.53,141.53,460,HACHINOHE_I,JAPAN,0.21,0.32,0.59,1.14,2.26
462,37.57,-77.45,462,RICHMOND,UNITED STATES,0.28,0.39,0.65,1.07,2.05
463,39.63,141.97,463,MIYAKO_I,JAPAN,0.18,0.31,0.61,1.19,2.31
464,9.97,-84.83,464,PUNTARENAS,COSTA RICA,0.25,0.35,0.58,0.98,2.09
466,46.16,-1.22,466,LA_ROCHELLE-LA_PALLICE,FRANCE,0.18,0.3,0.55,0.94,1.82
467,49.65,-1.64,467,CHERBOURG,FRANCE,0.15,0.29,0.56,0.97,1.83
468,51.05,2.37,468,DUNKERQUE,FRANCE,0.14,0.29,0.58,1.0,1.84
469,43.4,-1.68,469,ST_JEAN_DE_LUZ,FRANCE,0.19,0.31,0.56,0.96,1.85
470,51.35,3.2,470,ZEEBRUGGE,BELGIUM,0.14,0.29,0.57,1.0,1.84
471,50.73,1.58,471,BOULOGNE,FRANCE,0.15,0.29,0.58,1.0,1.84
474,49.93,1.08,474,DIEPPE,FRANCE,0.14,0.28,0.57,0.99,1.83
475,-4.62,-81.28,475,TALARA,PERU,0.24,0.34,0.58,0.99,2.07
477,-20.15,57.5,477,PORT_LOUIS,MAURITIUS,0.24,0.35,0.59,0.97,2.13
483,42.24,-8.73,483,VIGO,SPAIN,0.21,0.32,0.57,0.96,1.88
484,43.37,-8.4,484,LA_CORUNA_I,SPAIN,0.2,0.32,0.57,0.97,1.89
485,43.46,-3.79,485,SANTANDER_I,SPAIN,0.19,0.32,0.57,0.97,1.87
486,61.93,5.11,486,MALOY,NORWAY,0.05,0.26,0.53,0.94,1.7
487,51.86,-176.63,487,ADAK  SWEEPER_COVE,UNITED STATES,0.21,0.31,0.53,0.93,2.08
488,36.01,-5.6,488,TARIFA,SPAIN,0.24,0.34,0.58,0.97,1.91
489,51.15,2.73,489,NIEUWPOORT,BELGIUM,0.14,0.29,0.57,1.0,1.84
490,36.12,-5.43,490,ALGECIRAS,SPAIN,0.24,0.34,0.58,0.97,1.91
491,52.83,173.2,491,MASSACRE_BAY,UNITED STATES,0.2,0.3,0.51,0.92,2.06
495,59.45,-135.33,495,SKAGWAY,UNITED STATES,0.14,0.24,0.44,0.76,1.75
496,36.71,-4.42,496,MALAGA,SPAIN,0.23,0.33,0.58,0.96,1.89
497,26.06,-97.22,497,PORT_ISABEL,UNITED STATES,0.26,0.36,0.59,1.02,2.09
498,35.89,-5.32,498,CEUTA,SPAIN,0.24,0.34,0.58,0.98,1.91
499,-33.03,-71.63,499,VALPARAISO,CHILE,0.24,0.32,0.52,0.87,1.85
500,-41.28,174.78,500,WELLINGTON_II,NEW ZEALAND,0.23,0.32,0.57,1.01,1.99
501,-42.77,-65.03,501,PUERTO_MADRYN,ARGENTINA,0.2,0.28,0.49,0.82,1.71
503,31.22,29.92,503,ALEXANDRIA,EGYPT,0.2,0.31,0.56,0.99,1.93
508,35.18,-120.76,508,PORT_SAN_LUIS,UNITED STATES,0.2,0.28,0.49,0.88,2.0
509,62.47,6.15,509,ALESUND,NORWAY,0.03,0.24,0.53,0.94,1.69
510,-23.65,-70.4,510,ANTOFAGASTA_2,CHILE,0.25,0.34,0.55,0.92,1.94
511,-23.65,-70.42,511,ANTOFAGASTA,CHILE,0.25,0.34,0.55,0.92,1.94
513,8.73,167.74,513,KWAJALEIN,MARSHALL ISLANDS,0.27,0.37,0.63,1.07,2.3
518,42.98,144.37,518,KUSHIRO,JAPAN,0.23,0.33,0.57,1.09,2.2
519,41.05,-71.96,519,MONTAUK,UNITED STATES,0.24,0.37,0.68,1.13,2.1
520,27.76,-82.63,520,ST. PETERSBURG,UNITED STATES,0.28,0.37,0.62,1.04,2.1
521,20.89,-156.48,521,KAHULUI_HARBOR,UNITED STATES,0.28,0.38,0.65,1.11,2.35
522,13.15,123.75,522,LEGASPI,PHILIPPINES,0.19,0.32,0.61,1.02,2.17
523,28.21,-177.36,523,MIDWAY_ISLAND,UNITED STATES MINOR OUTLYING ISLANDS,0.29,0.4,0.66,1.15,2.39
524,70.37,31.1,524,VARDO,NORWAY,0.02,0.23,0.55,0.95,1.7
525,44.39,-68.2,525,BAR_HARBOR,UNITED STATES,0.21,0.36,0.67,1.14,2.07
526,29.26,-89.96,526,GRAND_ISLE,UNITED STATES,0.26,0.36,0.6,1.03,2.07
527,49.23,-124.82,527,PORT_ALBERNI,CANADA,0.15,0.24,0.44,0.78,1.82
528,7.45,151.85,528,CHUUK,"MICRONESIA, FEDERATED STATES OF",0.25,0.37,0.61,1.05,2.26
531,68.58,16.55,531,EVENSKJAER,NORWAY,-0.01,0.22,0.51,0.92,1.63
537,7.08,125.63,537,DAVAO,PHILIPPINES,0.21,0.33,0.6,1.01,2.16
538,28.02,-97.05,538,ROCKPORT,UNITED STATES,0.26,0.36,0.59,1.02,2.07
539,-14.28,-170.69,539,PAGO_PAGO,AMERICAN SAMOA,0.23,0.34,0.61,1.04,2.21
540,13.44,144.65,540,APRA_HARBOR,GUAM,0.21,0.34,0.64,1.04,2.24
541,78.07,14.25,541,BARENTSBURG,SVALBARD AND JAN MAYEN,-0.99,-0.65,-0.39,-0.12,0.55
542,-28.23,-48.65,542,IMBITUBA,BRAZIL,0.24,0.32,0.56,0.96,1.99
543,22.2,88.17,543,DIAMOND_HARBOUR,INDIA,0.18,0.28,0.51,0.92,1.94
544,-2.2,-80.92,544,LA_LIBERTAD_II,ECUADOR,0.24,0.34,0.58,0.99,2.07
545,25.13,121.73,545,KEELUNG_II,"TAIWAN, PROVINCE OF CHINA",0.25,0.35,0.61,1.04,2.16
546,44.02,145.87,546,YUZHNO_KURILSK,RUSSIAN FEDERATION,0.25,0.34,0.56,0.99,2.13
547,78.07,14.25,547,BARENTSBURG_II,SVALBARD AND JAN MAYEN,-0.99,-0.65,-0.39,-0.12,0.55
549,-33.83,151.28,549,CAMP_COVE,AUSTRALIA,0.24,0.34,0.59,1.03,2.04
552,10.0,-83.03,552,PUERTO_LIMON,COSTA RICA,0.29,0.39,0.64,1.06,2.16
554,50.58,-126.95,554,ALERT_BAY,CANADA,0.15,0.25,0.44,0.78,1.83
555,-2.2,-80.92,555,LA_LIBERTAD,ECUADOR,0.24,0.34,0.58,0.99,2.07
556,-8.05,-34.87,556,RECIFE,BRAZIL,0.28,0.37,0.61,1.0,2.1
557,15.83,-87.95,557,PUERTO_CORTES,HONDURAS,0.28,0.38,0.62,1.03,2.13
558,13.33,-87.82,558,LA_UNION,EL SALVADOR,0.24,0.34,0.57,0.97,2.07
562,67.29,14.39,562,BODO,NORWAY,-0.0,0.23,0.52,0.92,1.64
563,21.11,-76.12,563,GIBARA,CUBA,0.24,0.34,0.59,0.97,2.05
564,-21.1,149.23,564,MACKAY,AUSTRALIA,0.26,0.35,0.58,1.02,2.09
565,28.15,-15.41,565,LAS_PALMAS_C,SPAIN,0.28,0.38,0.64,1.08,2.08
566,60.56,-145.75,566,CORDOVA,UNITED STATES,-0.02,0.1,0.31,0.57,1.58
567,57.73,-152.51,567,KODIAK_ISLAND,UNITED STATES,0.09,0.2,0.43,0.76,1.82
568,28.67,-17.77,568,SANTA_CRUZ_DE_LA_PALMA_B,SPAIN,0.27,0.38,0.65,1.14,2.14
569,71.58,128.92,569,TIKSI,RUSSIAN FEDERATION,0.17,0.31,0.66,1.23,2.11
571,-36.68,-73.1,571,TALCAHUANO,CHILE,0.23,0.31,0.5,0.83,1.79
572,10.4,-75.55,572,CARTAGENA,COLOMBIA,0.29,0.39,0.64,1.05,2.13
575,-2.8,-171.72,575,KANTON_ISLAND,KIRIBATI,0.24,0.35,0.6,1.02,2.22
578,-12.97,-38.52,578,SALVADOR,BRAZIL,0.26,0.35,0.59,0.97,2.06
580,-1.45,-48.5,580,BELEM,BRAZIL,0.29,0.38,0.62,1.0,2.05
581,8.92,-79.55,581,NAOS_ISLAND,PANAMA,0.29,0.38,0.62,1.03,2.13
593,28.97,-13.53,593,ARRECIFE,SPAIN,0.27,0.37,0.62,1.05,2.04
595,19.29,166.62,595,WAKE_ISLAND,MARSHALL ISLANDS,0.26,0.37,0.64,1.09,2.33
596,23.02,70.22,596,KANDLA,INDIA,0.14,0.23,0.46,0.9,1.9
597,37.25,-76.5,597,GLOUCESTER_POINT,UNITED STATES,0.28,0.39,0.65,1.07,2.05
598,16.74,-169.53,598,JOHNSTON_ISLAND,UNITED STATES MINOR OUTLYING ISLANDS,0.27,0.37,0.65,1.09,2.34
599,69.75,61.7,599,AMDERMA,RUSSIAN FEDERATION,0.1,0.26,0.57,1.03,1.82
600,69.25,64.52,600,UST_KARA,RUSSIAN FEDERATION,0.11,0.27,0.58,1.05,1.84
601,77.72,104.3,601,FEDOROVA,RUSSIAN FEDERATION,0.08,0.25,0.56,1.13,1.94
602,74.67,138.9,602,SANNIKOVA,RUSSIAN FEDERATION,0.16,0.31,0.65,1.23,2.13
603,73.18,143.23,603,SHALAUROVA,RUSSIAN FEDERATION,0.18,0.32,0.67,1.27,2.17
604,69.62,162.3,604,AMBARCHIK,RUSSIAN FEDERATION,0.2,0.34,0.7,1.33,2.27
605,69.5,166.58,605,RAU-CHUA,RUSSIAN FEDERATION,0.19,0.34,0.7,1.32,2.27
606,69.7,170.25,606,PEVEK,RUSSIAN FEDERATION,0.19,0.34,0.7,1.32,2.27
607,67.83,-175.83,607,VANKAREM,RUSSIAN FEDERATION,0.2,0.34,0.69,1.27,2.24
608,70.98,-178.48,608,VRANGELIA,RUSSIAN FEDERATION,0.2,0.34,0.67,1.25,2.2
609,72.37,52.7,609,MALYE_KARMAKULY,RUSSIAN FEDERATION,0.02,0.22,0.5,0.91,1.67
610,73.0,119.87,610,UST_OLENEK,RUSSIAN FEDERATION,0.16,0.3,0.63,1.2,2.07
611,73.5,80.4,611,DIKSON,RUSSIAN FEDERATION,0.08,0.25,0.57,1.04,1.84
612,75.42,88.9,612,STERLEGOVA,RUSSIAN FEDERATION,0.08,0.25,0.57,1.05,1.85
613,66.97,-171.93,613,NETTEN,RUSSIAN FEDERATION,0.19,0.33,0.67,1.23,2.21
614,39.9,119.6,614,QINHUANGDAO,CHINA,0.19,0.29,0.54,0.99,2.03
615,76.27,94.77,615,PRAVDY,RUSSIAN FEDERATION,0.08,0.25,0.57,1.06,1.87
616,68.9,-179.37,616,MYS_SHMIDTA,RUSSIAN FEDERATION,0.19,0.34,0.7,1.29,2.25
617,65.85,-169.13,617,RATMANOVA,RUSSIAN FEDERATION,0.21,0.32,0.6,1.08,2.09
618,-18.47,-70.33,618,ARICA,CHILE,0.25,0.34,0.55,0.93,1.96
619,-27.07,-70.83,619,CALDERA,CHILE,0.25,0.33,0.54,0.9,1.92
620,78.08,106.82,620,MALYI_TAIMYR,RUSSIAN FEDERATION,0.08,0.25,0.56,1.14,1.96
621,67.48,-174.65,621,KOLUCHIN,RUSSIAN FEDERATION,0.2,0.34,0.68,1.25,2.22
622,69.82,60.75,622,UGORSKII_SHAR,RUSSIAN FEDERATION,0.09,0.26,0.56,1.03,1.81
627,34.47,136.85,627,TOBA,JAPAN,0.26,0.36,0.62,1.1,2.23
634,35.35,25.15,634,IRAKLION,GREECE,0.18,0.3,0.55,0.95,1.88
635,36.94,140.89,635,ONAHAMA,JAPAN,0.23,0.34,0.62,1.13,2.27
636,37.16,-75.99,636,KIPTOPEKE_BEACH,UNITED STATES,0.28,0.39,0.66,1.08,2.07
637,-19.25,146.83,637,TOWNSVILLE_I,AUSTRALIA,0.26,0.35,0.58,1.02,2.1
638,64.15,-21.94,638,REYKJAVIK,ICELAND,-0.53,0.06,0.26,0.55,1.15
639,1.83,-78.73,639,TUMACO,COLOMBIA,0.24,0.34,0.57,0.97,2.05
640,73.93,124.5,640,DUNAI,RUSSIAN FEDERATION,0.16,0.3,0.63,1.2,2.08
641,76.0,137.87,641,KOTELNYI,RUSSIAN FEDERATION,0.15,0.3,0.63,1.2,2.08
642,73.33,139.87,642,KIGILIAH,RUSSIAN FEDERATION,0.16,0.31,0.66,1.25,2.16
643,54.18,15.55,643,KOLOBRZEG,POLAND,0.18,0.31,0.61,1.05,1.86
644,54.58,16.87,644,USTKA,POLAND,0.18,0.31,0.61,1.05,1.86
645,54.8,18.42,645,WLADYSLAWOWO,POLAND,0.17,0.31,0.61,1.05,1.87
646,76.8,110.75,646,ANDREIA,RUSSIAN FEDERATION,0.12,0.27,0.59,1.17,1.99
647,76.95,68.55,647,ZHELANIA_II,RUSSIAN FEDERATION,-0.38,-0.04,0.21,0.61,1.23
648,77.6,101.52,648,GEIBERGA,RUSSIAN FEDERATION,0.07,0.24,0.55,1.09,1.9
649,71.55,130.03,649,MUOSTAH,RUSSIAN FEDERATION,0.17,0.31,0.66,1.24,2.12
650,70.63,162.48,650,CHETYREHSTOLBOVOI,RUSSIAN FEDERATION,0.19,0.34,0.7,1.32,2.26
651,70.45,59.08,651,BOLVANSKII_NOS,RUSSIAN FEDERATION,0.07,0.25,0.55,1.0,1.79
652,74.67,112.93,652,PREOBRAZHENIA,RUSSIAN FEDERATION,0.14,0.29,0.61,1.19,2.03
653,73.33,70.05,653,POPOVA,RUSSIAN FEDERATION,0.03,0.22,0.52,0.97,1.74
655,77.17,96.43,655,RUSSKII,RUSSIAN FEDERATION,0.07,0.24,0.56,1.07,1.88
656,78.2,103.27,656,SOLNECHNAIA,RUSSIAN FEDERATION,0.07,0.24,0.55,1.12,1.92
657,72.83,140.73,657,SVIATOI_NOS,RUSSIAN FEDERATION,0.17,0.31,0.66,1.25,2.16
658,74.88,142.12,658,ZEMLIA_BUNGE,RUSSIAN FEDERATION,0.16,0.31,0.65,1.24,2.14
661,34.2,129.3,661,IZUHARA,JAPAN,0.26,0.36,0.6,1.05,2.18
662,64.42,-173.23,662,PROVIDENIA,RUSSIAN FEDERATION,0.21,0.31,0.55,0.98,1.99
663,35.48,135.4,663,MAIZURU_I,JAPAN,0.27,0.37,0.62,1.07,2.2
664,11.25,125.0,664,TACLOBAN,PHILIPPINES,0.18,0.31,0.61,1.02,2.16
665,11.37,162.35,665,ENEWETOK,MARSHALL ISLANDS,0.27,0.37,0.64,1.06,2.29
667,75.53,113.43,667,MARII_PRONCHISHEVOI,RUSSIAN FEDERATION,0.13,0.28,0.6,1.18,2.02
668,8.27,-82.87,668,PUERTO_ARMUELLES,PANAMA,0.25,0.35,0.58,0.98,2.09
669,34.03,131.8,669,TOKUYAMA_I,JAPAN,0.27,0.36,0.62,1.06,2.19
679,41.25,141.15,679,OMINATO,JAPAN,0.24,0.34,0.59,1.08,2.2
680,69.65,18.96,680,TROMSO,NORWAY,-0.04,0.21,0.5,0.91,1.62
681,68.8,16.55,681,HARSTAD,NORWAY,-0.02,0.22,0.52,0.92,1.64
682,63.11,7.73,682,KRISTIANSUND,NORWAY,0.02,0.23,0.52,0.93,1.67
683,-41.05,145.91,683,BURNIE,AUSTRALIA,0.23,0.32,0.54,0.91,1.89
684,68.97,33.05,684,MURMANSK,RUSSIAN FEDERATION,0.05,0.25,0.57,0.98,1.73
685,43.51,16.39,685,SPLIT_RT_MARJANA,CROATIA,0.15,0.26,0.51,0.9,1.77
686,16.83,-99.92,686,ACAPULCO,MEXICO,0.25,0.34,0.57,0.96,2.08
687,68.97,33.05,687,MURMANSK_II,RUSSIAN FEDERATION,0.05,0.25,0.57,0.98,1.73
688,48.77,-123.45,688,FULFORD_HARBOUR,CANADA,0.17,0.26,0.45,0.79,1.83
689,16.17,-95.2,689,SALINA_CRUZ,MEXICO,0.25,0.34,0.57,0.96,2.07
690,21.3,-89.67,690,PROGRESO,MEXICO,0.28,0.37,0.61,1.04,2.12
692,18.15,-94.42,692,COATZACOALCOS,MEXICO,0.27,0.37,0.61,1.04,2.13
693,27.92,-110.9,693,GUAYMAS,MEXICO,0.22,0.31,0.51,0.89,1.99
695,24.17,-110.35,695,LA_PAZ,MEXICO,0.25,0.34,0.55,0.94,2.07
696,12.85,74.83,696,MANGALORE,INDIA,0.23,0.31,0.55,0.99,2.06
701,34.14,135.19,701,KAINAN,JAPAN,0.25,0.36,0.62,1.09,2.22
703,57.12,8.6,703,HANSTHOLM,DENMARK,0.13,0.29,0.58,1.0,1.81
704,79.5,76.98,704,VISE,RUSSIAN FEDERATION,-0.11,0.13,0.38,0.83,1.55
707,77.5,82.2,707,UEDINENIA,RUSSIAN FEDERATION,0.0,0.21,0.48,0.93,1.7
708,69.88,175.77,708,BILLINGA,RUSSIAN FEDERATION,0.19,0.34,0.69,1.29,2.24
710,76.18,62.58,710,RUSSKAIA_GAVAN_II,RUSSIAN FEDERATION,-0.53,-0.13,0.12,0.46,1.02
711,76.2,62.58,711,RUSSKAYA_GAVAN,RUSSIAN FEDERATION,-0.54,-0.14,0.12,0.45,1.01
712,23.2,-106.42,712,MAZATLAN,MEXICO,0.24,0.33,0.54,0.92,2.03
721,40.9,140.86,721,ASAMUSHI,JAPAN,0.24,0.34,0.59,1.08,2.2
722,35.29,139.65,722,YOKOSUKA,JAPAN,0.25,0.36,0.63,1.1,2.25
723,38.87,121.68,723,DALIAN,CHINA,0.22,0.31,0.56,1.02,2.08
724,1.47,103.83,724,SEMBAWANG,SINGAPORE,0.25,0.35,0.59,1.0,2.12
725,28.95,-95.31,725,FREEPORT,UNITED STATES,0.26,0.36,0.59,1.02,2.07
726,-25.02,-47.93,726,CANANEIA,BRAZIL,0.24,0.32,0.56,0.96,1.99
727,24.45,118.07,727,XIAMEN,CHINA,0.24,0.33,0.59,0.99,2.09
728,75.95,82.95,728,IZVESTIA_TSIK,RUSSIAN FEDERATION,0.04,0.23,0.54,0.98,1.77
729,79.55,90.62,729,GOLOMIANYI,RUSSIAN FEDERATION,0.01,0.2,0.49,0.98,1.75
730,69.93,167.98,730,AION,RUSSIAN FEDERATION,0.19,0.33,0.7,1.32,2.27
731,37.53,121.38,731,YANTAI,CHINA,0.22,0.31,0.56,1.02,2.08
732,71.42,67.58,732,MORZHOVAIA,RUSSIAN FEDERATION,0.08,0.25,0.55,1.02,1.8
734,77.15,89.2,734,ISACHENKO,RUSSIAN FEDERATION,0.05,0.23,0.54,1.0,1.8
735,71.95,132.77,735,BUORHAIA,RUSSIAN FEDERATION,0.17,0.31,0.66,1.24,2.14
736,73.65,109.73,736,KOSYSTYI,RUSSIAN FEDERATION,0.15,0.29,0.61,1.19,2.02
737,19.05,-104.33,737,MANZANILLO,MEXICO,0.26,0.34,0.56,0.95,2.07
738,78.6,98.83,738,KRASNOFLOTSKIE,RUSSIAN FEDERATION,0.03,0.22,0.53,1.05,1.84
752,38.56,139.55,752,NEZUGASEKI,JAPAN,0.27,0.37,0.61,1.08,2.21
753,37.36,138.51,753,KASHIWAZAKI,JAPAN,0.28,0.37,0.61,1.07,2.21
754,52.47,1.75,754,LOWESTOFT,UNITED KINGDOM,0.12,0.28,0.58,1.01,1.84
755,55.75,-4.91,755,MILLPORT,UNITED KINGDOM,0.09,0.27,0.54,0.93,1.74
756,21.95,-159.35,756,NAWILIWILI_BAY,UNITED STATES,0.28,0.38,0.65,1.12,2.36
757,53.88,-166.54,757,UNALASKA,UNITED STATES,0.17,0.29,0.53,0.93,2.06
758,70.66,23.68,758,HAMMERFEST,NORWAY,-0.03,0.21,0.52,0.91,1.63
759,17.97,-67.05,759,MAGUEYES_ISLAND,PUERTO RICO,0.26,0.36,0.61,1.0,2.09
760,42.66,18.06,760,DUBROVNIK,CROATIA,0.16,0.27,0.52,0.91,1.79
761,45.08,13.63,761,ROVINJ,CROATIA,0.14,0.26,0.5,0.88,1.75
762,54.66,11.35,762,RODBYHAVN,DENMARK,0.1,0.28,0.63,1.1,1.9
763,43.36,-8.4,763,LA_CORUNA_II,SPAIN,0.2,0.32,0.57,0.97,1.89
764,-34.65,-54.15,764,LA_PALOMA,URUGUAY,0.22,0.3,0.54,0.92,1.91
765,53.4,-3.02,765,BIRKENHEAD,UNITED KINGDOM,0.13,0.28,0.55,0.94,1.77
766,33.6,-117.88,766,NEWPORT_BAY,UNITED STATES,0.2,0.29,0.49,0.88,1.98
767,70.37,72.57,767,TADIBE-IAHA,RUSSIAN FEDERATION,0.11,0.27,0.58,1.06,1.85
768,18.77,-95.77,768,ALVARADO,MEXICO,0.27,0.37,0.61,1.04,2.13
772,44.35,143.37,772,MONBETU_I,JAPAN,0.25,0.34,0.56,0.98,2.1
775,41.77,-70.5,775,SANDWICH_MARINA,UNITED STATES,0.23,0.37,0.68,1.14,2.1
776,41.74,-70.62,776,BUZZARDS_BAY,UNITED STATES,0.23,0.37,0.68,1.14,2.1
786,39.56,-75.57,786,REEDY_POINT,UNITED STATES,0.27,0.39,0.66,1.09,2.06
787,-41.26,173.27,787,NELSON,NEW ZEALAND,0.22,0.32,0.57,1.0,1.98
788,43.73,7.42,788,MONACO,MONACO,0.18,0.29,0.54,0.92,1.81
789,54.37,10.16,789,KIEL-HOLTENAU,GERMANY,0.17,0.31,0.59,1.02,1.83
790,73.55,118.67,790,TERPIAI-TUMSA,RUSSIAN FEDERATION,0.16,0.3,0.63,1.2,2.06
791,41.18,-8.7,791,LEIXOES,PORTUGAL,0.21,0.33,0.57,0.96,1.89
792,70.08,170.93,792,VALKARKAI,RUSSIAN FEDERATION,0.19,0.34,0.7,1.32,2.26
795,31.85,-116.63,795,ENSENADA,MEXICO,0.22,0.3,0.51,0.9,2.01
796,18.63,-91.85,796,CIUDAD_DEL_CARMEN,MEXICO,0.27,0.37,0.61,1.04,2.13
808,35.01,138.52,808,SHIMIZU-MINATO,JAPAN,0.25,0.36,0.63,1.09,2.24
809,34.01,134.59,809,KOMATSUSHIMA,JAPAN,0.25,0.36,0.62,1.08,2.22
810,32.62,130.45,810,MISUMI,JAPAN,0.26,0.36,0.62,1.07,2.2
811,35.55,133.24,811,SAKAI,JAPAN,0.27,0.36,0.62,1.07,2.2
812,34.49,133.95,812,UNO,JAPAN,0.27,0.36,0.62,1.07,2.2
813,41.78,140.72,813,HAKODATE_I,JAPAN,0.25,0.35,0.58,1.04,2.17
814,31.58,131.41,814,ABURATSU,JAPAN,0.25,0.36,0.64,1.09,2.23
815,32.78,132.96,815,TOSA_SHIMIZU,JAPAN,0.25,0.35,0.63,1.09,2.23
816,34.22,135.15,816,WAKAYAMA,JAPAN,0.26,0.36,0.62,1.08,2.22
817,34.34,135.18,817,TAN-NOWA,JAPAN,0.26,0.36,0.62,1.08,2.22
818,-31.52,159.07,818,LORD_HOWE_ISLAND,AUSTRALIA,0.26,0.36,0.59,1.06,2.11
819,-38.03,-57.52,819,MAR_DEL_PLATA,ARGENTINA,0.21,0.29,0.52,0.89,1.85
820,-33.95,25.63,820,PORT_ELIZABETH,SOUTH AFRICA,0.29,0.38,0.63,1.03,2.12
821,-29.06,167.95,821,NORFOLK_ISLAND,NORFOLK ISLAND,0.25,0.35,0.58,1.0,2.09
822,-27.37,153.17,822,BRISBANE,AUSTRALIA,0.25,0.34,0.58,1.0,2.06
823,21.43,-157.79,823,MOKUOLOE_ISLAND,UNITED STATES,0.28,0.38,0.65,1.11,2.36
824,52.98,158.65,824,PETROPAVLOVSK-KAMCHATSKY,RUSSIAN FEDERATION,0.24,0.32,0.54,0.94,2.05
825,-23.85,151.31,825,GLADSTONE,AUSTRALIA,0.25,0.35,0.58,1.01,2.08
826,-34.19,18.44,826,SIMONS_BAY,SOUTH AFRICA,0.29,0.38,0.63,1.02,2.12
827,59.55,150.72,827,NAGAEVO,RUSSIAN FEDERATION,0.22,0.32,0.53,0.92,1.96
828,29.29,-94.79,828,GALVESTON_I,UNITED STATES,0.26,0.36,0.6,1.02,2.07
829,53.25,-132.07,829,QUEEN_CHARLOTTE_CITY,CANADA,0.18,0.28,0.48,0.82,1.88
830,60.15,-1.14,830,LERWICK,UNITED KINGDOM,0.02,0.24,0.54,0.96,1.73
831,-34.47,150.91,831,PORT_KEMBLA,AUSTRALIA,0.24,0.33,0.59,1.03,2.04
832,-34.57,-58.4,832,PALERMO,ARGENTINA,0.21,0.29,0.52,0.89,1.85
833,-37.07,149.91,833,EDEN,AUSTRALIA,0.23,0.32,0.59,1.03,2.02
834,-33.32,115.66,834,BUNBURY,AUSTRALIA,0.22,0.33,0.56,0.94,1.98
835,-17.5,140.83,835,KARUMBA,AUSTRALIA,0.2,0.31,0.56,0.99,2.05
836,-29.26,16.87,836,PORT_NOLLOTH,SOUTH AFRICA,0.3,0.39,0.62,1.02,2.12
837,-32.92,151.79,837,NEWCASTLE_V,AUSTRALIA,0.25,0.34,0.59,1.04,2.05
838,-42.88,147.34,838,HOBART,AUSTRALIA,0.22,0.31,0.56,0.99,1.95
839,62.02,-6.77,839,TORSHAVN,FAROE ISLANDS,-0.05,0.21,0.45,0.81,1.55
841,20.67,106.8,841,HONDAU,VIET NAM,0.23,0.33,0.57,0.96,2.03
842,48.55,-124.42,842,PORT_RENFREW,CANADA,0.18,0.27,0.46,0.81,1.85
843,39.45,-31.12,843,SANTA_CRUZ_DAS_FLORES,PORTUGAL,0.16,0.29,0.54,1.0,1.98
845,33.97,130.95,845,SHIMONOSEKI_I,JAPAN,0.27,0.36,0.61,1.06,2.19
846,34.68,135.18,846,KOBE,JAPAN,0.27,0.36,0.62,1.08,2.21
847,34.35,134.05,847,TAKAMATSU,JAPAN,0.26,0.36,0.62,1.07,2.2
848,40.95,-73.08,848,PORT_JEFFERSON,UNITED STATES,0.25,0.38,0.67,1.11,2.07
852,-22.3,166.43,852,NOUMEA-CHALEIX,NEW CALEDONIA,0.26,0.36,0.59,1.05,2.16
856,40.89,-73.78,856,NEW_ROCHELLE,UNITED STATES,0.25,0.38,0.67,1.1,2.06
857,-38.03,-57.53,857,MAR_DEL_PLATA,ARGENTINA,0.21,0.29,0.52,0.89,1.85
859,69.6,60.22,859,BELYI_NOS,RUSSIAN FEDERATION,0.09,0.26,0.57,1.03,1.82
860,35.08,136.88,860,NAGOYA,JAPAN,0.26,0.37,0.62,1.08,2.22
910,-34.18,22.14,910,MOSSEL_BAY,SOUTH AFRICA,0.3,0.39,0.63,1.02,2.11
911,-26.64,15.15,911,LUDERITZ,NAMIBIA,0.29,0.38,0.63,1.03,2.13
912,33.95,130.97,912,MOZI,JAPAN,0.27,0.36,0.61,1.06,2.19
913,-65.25,-64.26,913,ARGENTINE_ISLANDS,ANTARCTICA,-1.18,-0.38,0.01,0.42,1.21
914,-22.95,14.5,914,WALVIS_BAY,NAMIBIA,0.29,0.38,0.63,1.04,2.14
916,55.37,-7.33,916,MALIN_HEAD,IRELAND,0.08,0.27,0.54,0.93,1.75
917,71.87,82.7,917,SOPOCHNAIA_KARGA,RUSSIAN FEDERATION,0.12,0.27,0.6,1.08,1.88
918,21.0,-97.33,918,TUXPAN,MEXICO,0.26,0.36,0.6,1.04,2.12
919,26.07,-97.15,919,PADRE_ISLAND,UNITED STATES,0.26,0.36,0.59,1.03,2.09
933,21.58,111.82,933,ZHAPO,CHINA,0.24,0.33,0.59,0.98,2.06
934,28.08,121.28,934,KANMEN,CHINA,0.25,0.34,0.59,1.03,2.13
935,-12.47,130.85,935,DARWIN,AUSTRALIA,0.23,0.34,0.58,1.01,2.1
936,54.03,-2.92,936,HEYSHAM,UNITED KINGDOM,0.12,0.28,0.55,0.94,1.76
937,76.15,152.83,937,ZHOHOVA,RUSSIAN FEDERATION,0.16,0.31,0.66,1.25,2.15
950,-34.05,23.05,950,KNYSNA,SOUTH AFRICA,0.29,0.39,0.63,1.03,2.11
952,35.63,139.75,952,SIBAURA,JAPAN,0.25,0.36,0.62,1.1,2.25
953,-16.92,145.78,953,CAIRNS,AUSTRALIA,0.26,0.35,0.58,1.04,2.13
954,34.78,126.38,954,MOKPO,"KOREA, REPUBLIC OF",0.25,0.34,0.59,1.04,2.14
955,35.1,129.04,955,BUSAN,"KOREA, REPUBLIC OF",0.26,0.35,0.6,1.04,2.15
956,37.45,126.59,956,INCHEON,"KOREA, REPUBLIC OF",0.24,0.34,0.58,1.03,2.12
957,-35.03,117.89,957,ALBANY,AUSTRALIA,0.25,0.34,0.56,0.93,1.97
958,43.4,3.7,958,SETE,FRANCE,0.18,0.29,0.54,0.92,1.81
960,38.34,-0.48,960,ALICANTE,SPAIN,0.22,0.32,0.56,0.96,1.87
970,35.15,128.65,970,CHINHAE,"KOREA, REPUBLIC OF",0.26,0.35,0.59,1.04,2.14
979,32.13,121.62,979,LUSI,CHINA,0.24,0.34,0.58,1.03,2.12
980,43.11,5.91,980,TOULON,FRANCE,0.18,0.29,0.55,0.93,1.82
981,36.15,-5.36,981,GIBRALTAR,GIBRALTAR,0.24,0.34,0.58,0.97,1.91
982,50.37,-4.19,982,DEVONPORT,UNITED KINGDOM,0.15,0.29,0.55,0.96,1.81
983,-12.12,96.89,983,COCOS_ISLAND,COCOS (KEELING) ISLANDS,0.27,0.37,0.61,1.03,2.2
984,52.17,-128.13,984,BELLA_BELLA,CANADA,0.17,0.26,0.46,0.8,1.84
985,36.54,-6.29,985,CADIZ_III,SPAIN,0.23,0.34,0.58,0.98,1.91
996,-39.06,174.03,996,PORT_TARANAKI,NEW ZEALAND,0.22,0.32,0.57,1.01,2.01
997,35.5,129.39,997,ULSAN,"KOREA, REPUBLIC OF",0.26,0.35,0.6,1.04,2.15
998,-44.39,171.26,998,TIMARU_HARBOUR,NEW ZEALAND,0.22,0.31,0.56,0.99,1.93
1000,69.42,-132.97,1000,TUKTOYAKTUK,CANADA,0.13,0.28,0.57,1.06,1.95
1001,18.46,-66.11,1001,SAN_JUAN,PUERTO RICO,0.26,0.36,0.61,1.01,2.1
1002,22.98,88.4,1002,TRIBENI,INDIA,0.17,0.28,0.5,0.91,1.92
1003,18.8,105.77,1003,HONNGU,VIET NAM,0.23,0.33,0.57,0.96,2.03
1006,79.43,102.48,1006,PESCHANYI,RUSSIAN FEDERATION,0.01,0.2,0.51,1.06,1.86
1007,39.17,127.45,1007,WONSAN,"KOREA, DEMOCRATIC PEOPLE'S REPUBLIC OF",0.25,0.34,0.57,1.02,2.1
1009,45.55,13.72,1009,KOPER,SLOVENIA,0.14,0.26,0.49,0.88,1.74
1011,13.57,-89.83,1011,ACAJUTLA,EL SALVADOR,0.24,0.34,0.57,0.97,2.08
1012,80.62,58.05,1012,KRENKELIA,RUSSIAN FEDERATION,-0.43,-0.07,0.14,0.52,1.14
1013,34.35,-119.44,1013,RINCON_ISLAND,UNITED STATES,0.21,0.3,0.5,0.89,2.0
1018,28.38,129.5,1018,NASE_II,JAPAN,0.25,0.36,0.65,1.12,2.26
1019,73.15,128.88,1019,SAGYLLAH-ARY,RUSSIAN FEDERATION,0.16,0.31,0.64,1.22,2.1
1020,22.25,-97.8,1020,CIUDAD_MADERO,MEXICO,0.26,0.36,0.6,1.03,2.11
1026,34.9,136.82,1026,ONISAKI,JAPAN,0.26,0.37,0.62,1.09,2.22
1027,43.21,140.86,1027,OSHORO_II,JAPAN,0.26,0.35,0.57,1.02,2.14
1028,34.35,132.46,1028,HIROSIMA,JAPAN,0.27,0.36,0.62,1.07,2.19
1030,32.64,-16.91,1030,FUNCHAL,PORTUGAL,0.24,0.36,0.64,1.11,2.1
1031,-28.78,114.6,1031,GERALDTON,AUSTRALIA,0.2,0.32,0.56,0.96,2.02
1032,-22.9,-43.17,1032,ILHA_FISCAL,BRAZIL,0.25,0.33,0.58,0.97,2.03
1033,-38.37,145.22,1033,STONY_POINT,AUSTRALIA,0.23,0.32,0.53,0.88,1.87
1034,22.44,114.18,1034,TAI_PO_KAU,HONG KONG,0.24,0.33,0.59,0.98,2.07
1036,54.62,8.38,1036,AMRUM,GERMANY,0.12,0.28,0.58,1.01,1.82
1037,53.56,6.75,1037,BORKUM,GERMANY,0.13,0.28,0.58,1.01,1.83
1038,26.55,-97.42,1038,PORT_MANSFIELD,UNITED STATES,0.26,0.36,0.59,1.02,2.08
1049,5.62,0.0,1049,TEMA,GHANA,0.28,0.37,0.61,1.01,2.06
1060,34.07,139.48,1060,MIYAKE_SIMA,JAPAN,0.26,0.37,0.65,1.11,2.27
1061,34.21,139.13,1061,KOZU_SIMA,JAPAN,0.25,0.36,0.64,1.11,2.27
1062,33.86,132.71,1062,MATSUYAMA_II,JAPAN,0.26,0.36,0.62,1.07,2.2
1064,34.62,138.88,1064,MINAMI_IZU,JAPAN,0.25,0.36,0.63,1.1,2.25
1065,-35.76,174.35,1065,WHANGAREI_HARBOUR,NEW ZEALAND,0.23,0.33,0.59,1.03,2.06
1066,33.53,126.54,1066,JEJU,"KOREA, REPUBLIC OF",0.26,0.35,0.6,1.04,2.17
1067,61.24,-149.89,1067,ANCHORAGE,UNITED STATES,-0.54,-0.32,-0.07,0.13,1.1
1068,41.17,-73.18,1068,BRIDGEPORT,UNITED STATES,0.24,0.37,0.67,1.11,2.06
1069,-35.56,138.64,1069,VICTOR_HARBOUR,AUSTRALIA,0.23,0.32,0.53,0.88,1.88
1070,59.44,-151.72,1070,SELDOVIA,UNITED STATES,-0.02,0.11,0.33,0.61,1.65
1071,50.72,-127.48,1071,PORT_HARDY,CANADA,0.16,0.26,0.46,0.8,1.84
1072,8.75,78.2,1072,TUTICORIN,INDIA,0.24,0.33,0.57,1.01,2.11
1074,56.02,-3.45,1074,ROSYTH,UNITED KINGDOM,0.09,0.27,0.55,0.96,1.77
1075,42.08,19.08,1075,BAR,MONTENEGRO,0.16,0.28,0.52,0.91,1.8
1078,47.13,-2.25,1078,POINTE_ST. GILDAS,FRANCE,0.18,0.3,0.55,0.94,1.82
1080,15.7,-88.62,1080,SANTO_TOMAS_DE_CASTILLA,GUATEMALA,0.28,0.37,0.62,1.02,2.11
1089,34.68,137.61,1089,MAISAKA,JAPAN,0.25,0.36,0.62,1.1,2.24
1090,33.56,135.9,1090,URAGAMI,JAPAN,0.24,0.35,0.62,1.11,2.24
1091,34.79,139.39,1091,OKADA,JAPAN,0.25,0.36,0.64,1.1,2.26
1093,38.47,139.25,1093,AWA_SIMA,JAPAN,0.27,0.37,0.61,1.08,2.21
1094,33.62,130.41,1094,HAKATA,JAPAN,0.26,0.36,0.61,1.06,2.19
1095,36.2,133.33,1095,SAIGO,JAPAN,0.27,0.36,0.62,1.07,2.21
1096,30.73,130.99,1096,NISINOOMOTE,JAPAN,0.25,0.36,0.64,1.09,2.24
1097,31.02,130.69,1097,ODOMARI,JAPAN,0.25,0.36,0.63,1.08,2.23
1098,34.34,134.91,1098,SUMOTO,JAPAN,0.26,0.36,0.62,1.08,2.22
1099,34.66,135.43,1099,OSAKA,JAPAN,0.27,0.36,0.62,1.08,2.21
1100,32.73,129.87,1100,NAGASAKI,JAPAN,0.26,0.36,0.62,1.07,2.2
1101,32.7,128.85,1101,FUKUE,JAPAN,0.26,0.36,0.62,1.07,2.2
1102,32.98,130.22,1102,OURA,JAPAN,0.26,0.36,0.62,1.07,2.19
1103,45.41,141.69,1103,WAKKANAI,JAPAN,0.25,0.34,0.56,0.99,2.1
1104,44.02,144.29,1104,ABASHIRI,JAPAN,0.25,0.34,0.56,0.99,2.12
1105,29.84,129.85,1105,NAKANO_SIMA,JAPAN,0.26,0.36,0.64,1.11,2.26
1106,26.65,-81.87,1106,FORT_MYERS,UNITED STATES,0.28,0.37,0.62,1.04,2.1
1107,26.13,-81.81,1107,NAPLES,UNITED STATES,0.28,0.38,0.63,1.05,2.12
1108,37.55,129.12,1108,MUKHO,"KOREA, REPUBLIC OF",0.26,0.35,0.6,1.05,2.15
1109,58.44,-3.09,1109,WICK,UNITED KINGDOM,0.05,0.26,0.54,0.94,1.73
1111,41.28,-70.1,1111,NANTUCKET_ISLAND,UNITED STATES,0.23,0.37,0.68,1.15,2.12
1112,57.9,-5.16,1112,ULLAPOOL,UNITED KINGDOM,0.05,0.25,0.53,0.92,1.71
1113,59.0,9.86,1113,HELGEROA,NORWAY,0.12,0.29,0.57,0.99,1.78
1114,-33.87,121.9,1114,ESPERANCE,AUSTRALIA,0.25,0.34,0.55,0.92,1.95
1115,-24.9,113.65,1115,CARNARVON,AUSTRALIA,0.21,0.33,0.57,0.98,2.06
1116,-15.45,128.1,1116,WYNDHAM,AUSTRALIA,0.22,0.33,0.57,0.99,2.06
1118,-41.18,146.36,1118,DEVONPORT,AUSTRALIA,0.23,0.32,0.54,0.92,1.9
1121,45.68,-62.7,1121,PICTOU,CANADA,0.19,0.35,0.67,1.14,2.06
1128,69.08,76.85,1128,ANTIPAIUTA,RUSSIAN FEDERATION,0.17,0.3,0.6,1.08,1.89
1146,34.08,136.21,1146,OWASE,JAPAN,0.26,0.36,0.62,1.1,2.23
1147,33.16,129.72,1147,SASEBO_II,JAPAN,0.26,0.36,0.61,1.07,2.19
1148,35.59,134.32,1148,TAJIRI,JAPAN,0.27,0.36,0.62,1.07,2.2
1149,39.64,141.98,1149,MIYAKO_II,JAPAN,0.18,0.31,0.61,1.19,2.31
1150,33.68,135.38,1150,SHIRAHAMA,JAPAN,0.24,0.35,0.62,1.1,2.23
1151,26.21,127.67,1151,NAHA,JAPAN,0.24,0.35,0.64,1.1,2.24
1152,48.65,-123.45,1152,PATRICIA_BAY,CANADA,0.17,0.26,0.46,0.8,1.84
1153,38.97,-74.96,1153,CAPE_MAY,UNITED STATES,0.28,0.39,0.66,1.09,2.07
1154,-24.77,152.38,1154,BUNDABERG,AUSTRALIA,0.26,0.35,0.58,1.01,2.08
1155,34.75,127.77,1155,YEOSU,"KOREA, REPUBLIC OF",0.26,0.35,0.59,1.04,2.15
1156,30.25,-88.08,1156,DAUPHIN_ISLAND,UNITED STATES,0.26,0.35,0.6,1.02,2.06
1157,-12.67,141.87,1157,WEIPA,AUSTRALIA,0.23,0.34,0.58,1.01,2.11
1158,43.83,-66.13,1158,YARMOUTH,CANADA,0.21,0.36,0.67,1.14,2.08
1159,-18.0,122.22,1159,BROOME,AUSTRALIA,0.22,0.33,0.58,1.0,2.08
1160,-13.86,136.42,1160,MILNER_BAY,AUSTRALIA,0.21,0.32,0.57,1.0,2.08
1161,20.27,86.7,1161,PARADIP,INDIA,0.18,0.29,0.52,0.93,1.97
1162,23.1,-82.47,1162,SIBONEY,CUBA,0.28,0.37,0.61,1.01,2.09
1164,-4.2,152.18,1164,RABAUL,PAPUA NEW GUINEA,0.2,0.32,0.59,1.02,2.18
1190,36.25,136.15,1190,MIKUNI,JAPAN,0.27,0.37,0.62,1.07,2.2
1191,35.13,140.25,1191,KATSUURA,JAPAN,0.25,0.35,0.63,1.12,2.28
1193,29.73,-84.98,1193,APALACHICOLA,UNITED STATES,0.27,0.37,0.61,1.03,2.07
1194,42.35,140.95,1194,MURORAN,JAPAN,0.25,0.34,0.58,1.04,2.16
1195,-33.91,18.43,1195,CAPE_TOWN,SOUTH AFRICA,0.29,0.38,0.63,1.02,2.12
1196,44.62,-124.04,1196,SOUTH_BEACH,UNITED STATES,0.21,0.3,0.52,0.87,1.95
1197,54.99,9.99,1197,FYNSHAV,DENMARK,0.16,0.3,0.59,1.02,1.83
1199,49.13,-66.48,1199,STE-ANNE-DES-MONTS,CANADA,0.17,0.34,0.65,1.11,1.99
1200,70.15,72.57,1200,SE-LAHA,RUSSIAN FEDERATION,0.12,0.27,0.58,1.06,1.86
1209,34.24,132.55,1209,KURE_IV,JAPAN,0.27,0.36,0.62,1.07,2.19
1210,34.04,131.8,1210,TOKUYAMA_II,JAPAN,0.27,0.36,0.62,1.06,2.19
1211,62.36,17.53,1211,SPIKARNA,SWEDEN,0.09,0.27,0.57,0.98,1.74
1212,33.23,132.55,1212,UWAJIMA_II,JAPAN,0.25,0.35,0.63,1.08,2.21
1213,49.0,-64.38,1213,RIVIERE-AU-RENARD,CANADA,0.17,0.34,0.65,1.12,2.0
1214,51.21,-4.11,1214,ILFRACOMBE,UNITED KINGDOM,0.14,0.29,0.55,0.95,1.8
1215,54.84,-5.12,1215,PORTPATRICK,UNITED KINGDOM,0.11,0.28,0.53,0.91,1.74
1216,-42.55,147.93,1216,SPRING_BAY,AUSTRALIA,0.22,0.32,0.57,1.01,1.98
1217,7.1,171.37,1217,MAJURO-B,MARSHALL ISLANDS,0.26,0.37,0.62,1.07,2.3
1218,49.23,-68.13,1218,BAIE_COMEAU,CANADA,0.16,0.33,0.64,1.11,1.98
1232,35.49,24.08,1232,SOUDHAS,GREECE,0.18,0.3,0.55,0.95,1.88
1233,37.13,26.85,1233,LEROS,GREECE,0.18,0.29,0.55,0.96,1.87
1234,37.44,24.95,1234,SIROS,GREECE,0.17,0.29,0.54,0.94,1.86
1236,57.68,11.79,1236,GOTEBORG - TORSHAMNEN,SWEDEN,0.15,0.3,0.58,1.0,1.8
1237,38.47,23.59,1237,KHALKIS_NORTH,GREECE,0.16,0.28,0.53,0.92,1.83
1238,40.84,25.88,1238,ALEXANDROUPOLIS,GREECE,0.13,0.26,0.53,0.95,1.83
1239,38.83,20.71,1239,LEVKAS,GREECE,0.18,0.29,0.54,0.93,1.84
1240,37.64,21.32,1240,KATAKOLON,GREECE,0.19,0.29,0.54,0.94,1.85
1241,64.86,11.23,1241,RORVIK,NORWAY,0.01,0.23,0.53,0.94,1.68
1242,48.85,-125.13,1242,BAMFIELD,CANADA,0.17,0.26,0.46,0.8,1.85
1243,36.44,28.24,1243,RHODOS,GREECE,0.19,0.3,0.55,0.96,1.88
1245,49.2,-122.92,1245,NEW  WESTMINSTER,CANADA,0.15,0.24,0.44,0.77,1.8
1246,-21.28,149.3,1246,HAY_POINT,AUSTRALIA,0.25,0.35,0.58,1.02,2.09
1247,47.64,-3.45,1247,PORT_TUDY,FRANCE,0.17,0.3,0.55,0.95,1.83
1248,1.23,103.65,1248,SULTAN_SHOAL,SINGAPORE,0.25,0.35,0.59,1.0,2.12
1249,15.42,73.8,1249,MORMUGAO,INDIA,0.21,0.3,0.53,0.97,2.04
1250,38.42,21.73,1250,PATRAI,GREECE,0.18,0.29,0.54,0.93,1.83
1252,7.33,134.47,1252,MALAKAL-B,PALAU,0.22,0.34,0.6,1.04,2.22
1253,-23.12,-134.97,1253,RIKITEA,FRENCH POLYNESIA,0.24,0.33,0.55,0.94,2.06
1255,49.12,-123.18,1255,STEVESTON,CANADA,0.15,0.25,0.44,0.78,1.81
1263,34.61,138.22,1263,OMAEZAKI_II,JAPAN,0.25,0.36,0.63,1.1,2.25
1264,39.94,139.71,1264,OGA,JAPAN,0.27,0.36,0.61,1.08,2.21
1265,32.02,130.19,1265,AKUNE,JAPAN,0.26,0.36,0.63,1.08,2.22
1266,40.53,141.53,1266,HACHINOHE_II,JAPAN,0.21,0.32,0.59,1.14,2.26
1267,70.98,25.97,1267,HONNINGSVAG,NORWAY,-0.02,0.22,0.52,0.91,1.64
1268,-10.6,141.91,1268,BOOBY_ISLAND,AUSTRALIA,0.25,0.35,0.59,1.03,2.15
1269,43.34,-124.32,1269,CHARLESTON_II,UNITED STATES,0.21,0.31,0.52,0.88,1.97
1270,22.03,88.1,1270,HALDIA,INDIA,0.18,0.28,0.51,0.92,1.94
1271,-54.82,-68.22,1271,USHUAIA_II,ARGENTINA,0.14,0.23,0.42,0.72,1.46
1272,-27.15,-109.47,1272,EASTER_ISLAND-E,CHILE,0.23,0.32,0.54,0.91,2.0
1274,-12.05,-77.15,1274,CALLAO_2,PERU,0.24,0.34,0.57,0.96,2.02
1275,1.3,103.72,1275,JURONG,SINGAPORE,0.25,0.35,0.59,1.0,2.12
1293,33.27,131.69,1293,OITA_II,JAPAN,0.26,0.36,0.62,1.07,2.2
1294,48.36,-4.78,1294,LE_CONQUET,FRANCE,0.17,0.3,0.55,0.96,1.84
1295,38.57,-76.07,1295,CAMBRIDGE_II,UNITED STATES,0.27,0.38,0.66,1.09,2.06
1296,42.17,142.77,1296,URAKAWA_II,JAPAN,0.23,0.33,0.57,1.06,2.19
1297,21.9,-84.9,1297,CABO_DE_SAN_ANTONIO,CUBA,0.27,0.36,0.61,1.0,2.1
1299,46.22,-60.25,1299,NORTH_SYDNEY,CANADA,0.18,0.35,0.67,1.14,2.06
1300,-10.51,142.31,1300,INCE_POINT,AUSTRALIA,0.25,0.35,0.59,1.03,2.15
1301,47.87,-3.91,1301,CONCARNEAU,FRANCE,0.17,0.3,0.55,0.95,1.84
1306,34.43,131.42,1306,HAGI,JAPAN,0.27,0.36,0.61,1.06,2.19
1318,33.47,129.85,1318,KARIYA,JAPAN,0.26,0.36,0.61,1.06,2.19
1320,33.33,133.24,1320,KURE_I,JAPAN,0.25,0.35,0.63,1.08,2.21
1321,47.3,-53.98,1321,ARGENTIA,CANADA,0.17,0.34,0.66,1.13,2.04
1322,50.2,-66.4,1322,SEPT-ILES,CANADA,0.16,0.33,0.64,1.1,1.96
1323,50.02,-125.23,1323,CAMPBELL_RIVER,CANADA,0.09,0.18,0.37,0.7,1.74
1324,36.05,129.38,1324,POHANG,"KOREA, REPUBLIC OF",0.26,0.35,0.59,1.04,2.14
1325,48.11,-122.76,1325,PORT_TOWNSEND,UNITED STATES,0.18,0.27,0.47,0.82,1.85
1328,-20.59,117.19,1328,CAPE_LAMBERT,AUSTRALIA,0.22,0.33,0.58,1.0,2.08
1329,-2.82,-171.72,1329,KANTON_ISLAND-B,KIRIBATI,0.24,0.35,0.6,1.02,2.22
1343,34.9,139.13,1343,ITO_II,JAPAN,0.25,0.36,0.63,1.1,2.25
1344,37.81,138.28,1344,OGI,JAPAN,0.28,0.37,0.61,1.07,2.21
1345,37.83,140.96,1345,SOMA,JAPAN,0.22,0.33,0.61,1.13,2.26
1346,39.27,141.89,1346,KAMAISI_II,JAPAN,0.18,0.31,0.61,1.18,2.31
1347,48.72,-3.97,1347,ROSCOFF,FRANCE,0.16,0.3,0.55,0.96,1.83
1349,47.08,-64.88,1349,LOWER_ESCUMINAC,CANADA,0.18,0.35,0.66,1.13,2.04
1350,60.68,-151.4,1350,NIKISKI,UNITED STATES,-0.27,-0.11,0.12,0.35,1.35
1351,1.17,103.75,1351,RAFFLES_LIGHT_HOUSE,SINGAPORE,0.25,0.35,0.59,1.0,2.12
1352,36.6,-121.89,1352,MONTEREY,UNITED STATES,0.2,0.29,0.5,0.89,2.0
1353,61.12,-146.36,1353,VALDEZ,UNITED STATES,-0.11,0.02,0.24,0.48,1.48
1354,46.71,-123.97,1354,TOKE_POINT,UNITED STATES,0.2,0.29,0.5,0.85,1.91
1355,22.88,-109.9,1355,CABO_SAN_LUCAS,MEXICO,0.26,0.35,0.56,0.95,2.09
1356,22.53,120.32,1356,KAOHSIUNG_II,"TAIWAN, PROVINCE OF CHINA",0.24,0.34,0.61,1.02,2.14
1364,39.02,141.75,1364,OFUNATO_II,JAPAN,0.19,0.32,0.61,1.17,2.3
1365,38.21,128.59,1365,SOKCHO,"KOREA, REPUBLIC OF",0.26,0.35,0.59,1.04,2.13
1366,22.49,114.01,1366,TSIM_BEI_TSUI,HONG KONG,0.24,0.33,0.59,0.98,2.07
1367,-33.01,137.59,1367,WHYALLA_III,AUSTRALIA,0.23,0.32,0.53,0.88,1.88
1368,-10.56,142.15,1368,GOODS_ISLAND,AUSTRALIA,0.25,0.35,0.59,1.03,2.15
1369,21.95,88.02,1369,GANGRA,INDIA,0.18,0.28,0.51,0.92,1.94
1370,6.98,158.23,1370,POHNPEI-B,"MICRONESIA, FEDERATED STATES OF",0.26,0.37,0.61,1.05,2.27
1371,1.98,-157.48,1371,CHRISTMAS_ISLAND_II,KIRIBATI,0.23,0.34,0.6,1.04,2.25
1372,23.87,-166.28,1372,FRENCH_FRIGATE_SHOALS,UNITED STATES,0.29,0.39,0.66,1.14,2.39
1373,-9.43,159.95,1373,HONIARA_II,SOLOMON ISLANDS,0.15,0.3,0.6,1.08,2.22
1386,32.61,130.2,1386,KUCHINOTSU,JAPAN,0.26,0.36,0.62,1.07,2.2
1387,35.48,135.39,1387,MAIZURU_II,JAPAN,0.27,0.37,0.62,1.07,2.2
1388,26.18,127.82,1388,OKINAWA,JAPAN,0.23,0.35,0.64,1.1,2.25
1389,36.76,137.22,1389,TOYAMA,JAPAN,0.27,0.37,0.61,1.07,2.2
1390,33.27,134.16,1390,MUROTOMISAKI,JAPAN,0.26,0.36,0.63,1.09,2.23
1391,27.08,142.18,1391,CHICHIJIMA,JAPAN,0.26,0.38,0.65,1.14,2.33
1393,18.34,-64.92,1393,CHARLOTTE_AMALIE,"VIRGIN ISLANDS, U.S.",0.27,0.36,0.61,1.01,2.1
1394,37.99,-122.98,1394,POINT_REYES,UNITED STATES,0.21,0.3,0.52,0.9,2.01
1395,22.47,69.08,1395,OKHA,INDIA,0.16,0.25,0.48,0.92,1.95
1397,-17.53,-149.57,1397,PAPEETE-B,FRENCH POLYNESIA,0.25,0.34,0.57,0.96,2.12
1399,72.0,129.12,1399,BYKOV_MYS,RUSSIAN FEDERATION,0.17,0.31,0.66,1.23,2.11
1403,39.0,117.72,1403,TANGGU,CHINA,0.15,0.25,0.5,0.96,1.99
1404,35.38,119.55,1404,SHIJIUSUO,CHINA,0.21,0.31,0.56,1.01,2.06
1405,34.75,119.45,1405,LIANYUNGANG,CHINA,0.22,0.32,0.56,1.01,2.07
1406,22.75,115.35,1406,SHANWEI,CHINA,0.24,0.33,0.59,0.99,2.08
1408,21.48,109.08,1408,BEIHAI,CHINA,0.24,0.33,0.58,0.97,2.04
1420,-33.93,137.62,1420,WALLAROO_II,AUSTRALIA,0.23,0.32,0.53,0.88,1.89
1421,78.93,11.94,1421,NY-ALESUND,SVALBARD AND JAN MAYEN,-1.08,-0.7,-0.43,-0.16,0.5
1422,19.3,-81.32,1422,NORTH_SOUND,CAYMAN ISLANDS,0.26,0.36,0.61,1.01,2.12
1423,12.92,74.8,1423,MANGALORE,INDIA,0.23,0.31,0.55,0.99,2.06
1426,19.27,-81.38,1426,SOUTH_SOUND,CAYMAN ISLANDS,0.26,0.36,0.61,1.01,2.12
1428,20.02,110.28,1428,HAIKOU,CHINA,0.23,0.33,0.58,0.98,2.06
1437,34.81,138.76,1437,TAGO,JAPAN,0.25,0.36,0.63,1.1,2.24
1438,34.87,138.33,1438,YAIZU,JAPAN,0.25,0.36,0.63,1.1,2.24
1440,33.13,139.8,1440,KAMINATO_II,JAPAN,0.26,0.38,0.67,1.14,2.31
1441,38.46,23.59,1441,KHALKIS_SOUTH,GREECE,0.16,0.28,0.53,0.92,1.83
1442,43.28,145.57,1442,HANASAKI_II,JAPAN,0.24,0.33,0.56,1.06,2.19
1444,33.66,-78.92,1444,SPRINGMAID_PIER,UNITED STATES,0.27,0.37,0.62,1.03,2.05
1445,35.02,128.81,1445,GADEOKDO,"KOREA, REPUBLIC OF",0.26,0.35,0.6,1.04,2.15
1446,34.83,128.43,1446,TONGYEONG,"KOREA, REPUBLIC OF",0.26,0.35,0.59,1.04,2.15
1447,17.69,-64.75,1447,LIME_TREE_BAY,"VIRGIN ISLANDS, U.S.",0.27,0.36,0.61,1.0,2.1
1448,54.06,14.0,1448,KOSEROW,GERMANY,0.18,0.32,0.61,1.04,1.86
1449,13.77,109.25,1449,QUINHON,VIET NAM,0.21,0.32,0.58,0.98,2.09
1450,-9.02,-158.07,1450,PENRHYN,COOK ISLANDS,0.24,0.35,0.6,1.0,2.18
1451,21.78,89.47,1451,HIRON_POINT,BANGLADESH,0.18,0.29,0.52,0.93,1.97
1452,-8.53,179.22,1452,FUNAFUTI,TUVALU,0.17,0.31,0.62,1.05,2.22
1454,21.83,89.83,1454,KHEPUPARA,BANGLADESH,0.19,0.29,0.52,0.93,1.97
1455,36.83,-2.48,1455,ALMERIA,SPAIN,0.23,0.33,0.57,0.96,1.88
1456,37.95,-8.88,1456,SINES,PORTUGAL,0.23,0.34,0.58,0.98,1.92
1468,43.7,7.29,1468,NICE,FRANCE,0.18,0.29,0.54,0.92,1.81
1469,42.52,3.11,1469,PORT_VENDRES,FRANCE,0.19,0.3,0.55,0.93,1.83
1470,44.35,143.37,1470,MONBETU_II,JAPAN,0.25,0.34,0.56,0.98,2.1
1471,-16.48,145.47,1471,PORT_DOUGLAS_2,AUSTRALIA,0.26,0.35,0.58,1.04,2.12
1473,1.1,154.78,1473,KAPINGAMARANGI,"MICRONESIA, FEDERATED STATES OF",0.23,0.35,0.61,1.04,2.23
1474,15.23,145.75,1474,SAIPAN,NORTHERN MARIANA ISLANDS,0.22,0.34,0.64,1.05,2.26
1475,16.1,108.22,1475,DANANG,VIET NAM,0.23,0.33,0.58,0.97,2.06
1476,21.45,91.83,1476,COX'S_BAZAAR,BANGLADESH,0.19,0.3,0.52,0.94,1.98
1488,35.09,136.88,1488,NAGOYA_II,JAPAN,0.26,0.37,0.62,1.08,2.22
1489,34.68,125.44,1489,HEUKSANDO,"KOREA, REPUBLIC OF",0.25,0.35,0.59,1.04,2.15
1490,37.49,130.91,1490,ULLEUNG,"KOREA, REPUBLIC OF",0.27,0.36,0.62,1.07,2.19
1491,56.62,-6.06,1491,TOBERMORY,UNITED KINGDOM,0.07,0.26,0.53,0.91,1.72
1492,-19.28,147.06,1492,CAPE_FERGUSON,AUSTRALIA,0.26,0.35,0.58,1.02,2.1
1493,-26.68,153.13,1493,MOOLOOLABA_2,AUSTRALIA,0.25,0.34,0.58,1.01,2.06
1495,10.33,107.07,1495,VUNGTAU,VIET NAM,0.23,0.33,0.58,0.98,2.09
1496,22.22,91.05,1496,CHARCHANGA,BANGLADESH,0.19,0.29,0.52,0.93,1.97
1501,-20.93,55.29,1501,POINTE_DES_GALETS,RÉUNION,0.23,0.34,0.59,0.98,2.13
1505,54.49,-0.61,1505,WHITBY,UNITED KINGDOM,0.11,0.28,0.58,1.01,1.82
1506,-35.11,138.47,1506,PORT_STANVAC,AUSTRALIA,0.23,0.32,0.53,0.88,1.88
1513,38.87,121.68,1513,LAOHUTAN,CHINA,0.22,0.31,0.56,1.02,2.08
1522,28.5,129.5,1522,NASE_III,JAPAN,0.25,0.36,0.65,1.12,2.26
1523,35.45,135.32,1523,MAIZURU_III,JAPAN,0.27,0.37,0.62,1.07,2.2
1524,44.64,-67.3,1524,CUTLER_II,UNITED STATES,0.21,0.35,0.67,1.13,2.06
1526,55.99,-3.18,1526,LEITH_II,UNITED KINGDOM,0.09,0.27,0.56,0.97,1.77
1527,35.98,126.56,1527,GUNSAN,"KOREA, REPUBLIC OF",0.25,0.34,0.59,1.04,2.13
1544,35.74,140.86,1544,CHOSHI-GYOKO,JAPAN,0.24,0.35,0.62,1.12,2.27
1545,35.65,139.77,1545,TOKYO_III,JAPAN,0.25,0.35,0.62,1.11,2.25
1546,34.03,127.31,1546,GEOMUNDO,"KOREA, REPUBLIC OF",0.26,0.35,0.59,1.04,2.16
1547,-38.34,141.61,1547,PORTLAND,AUSTRALIA,0.22,0.32,0.53,0.88,1.87
1548,50.78,0.06,1548,NEWHAVEN,UNITED KINGDOM,0.13,0.28,0.57,0.99,1.83
1549,-20.62,116.75,1549,KING_BAY,AUSTRALIA,0.22,0.33,0.58,1.0,2.08
1550,-35.02,137.77,1550,PORT_GILES,AUSTRALIA,0.23,0.32,0.53,0.89,1.89
1551,51.62,3.68,1551,ROOMPOT_BUITEN,"NETHERLANDS, KINGDOM OF THE",0.13,0.28,0.57,1.0,1.84
1567,33.5,133.57,1567,KOCHI_III,JAPAN,0.25,0.36,0.62,1.08,2.21
1568,34.32,126.76,1568,WANDO,"KOREA, REPUBLIC OF",0.25,0.35,0.59,1.04,2.15
1569,-20.28,148.78,1569,SHUTE_HARBOUR_2,AUSTRALIA,0.26,0.35,0.59,1.02,2.1
1571,8.27,-82.87,1571,PUERTO_ARMUELLES_B,PANAMA,0.25,0.35,0.58,0.98,2.09
1585,34.9,132.07,1585,HAMADA_II,JAPAN,0.27,0.36,0.62,1.07,2.19
1586,34.2,129.29,1586,IZUHARA_II,JAPAN,0.26,0.36,0.6,1.05,2.18
1587,41.24,140.38,1587,TAPPI,JAPAN,0.26,0.35,0.59,1.06,2.19
1588,33.96,126.3,1588,CHUJADO,"KOREA, REPUBLIC OF",0.26,0.35,0.59,1.04,2.16
1589,3.98,103.43,1589,TANJUNG_GELANG,MALAYSIA,0.25,0.35,0.59,0.99,2.11
1590,-37.64,176.18,1590,TAURANGA,NEW ZEALAND,0.23,0.33,0.58,1.01,2.02
1591,3.05,101.36,1591,PELABUHAN_KELANG,MALAYSIA,0.24,0.34,0.58,0.99,2.09
1592,5.26,103.19,1592,CENDERING,MALAYSIA,0.24,0.34,0.59,1.0,2.11
1593,2.21,102.15,1593,TANJUNG_KELING,MALAYSIA,0.25,0.35,0.59,0.99,2.11
1594,4.24,100.61,1594,LUMUT,MALAYSIA,0.23,0.34,0.58,0.98,2.1
1595,5.42,100.35,1595,PULAU_PINANG,MALAYSIA,0.23,0.33,0.58,0.99,2.1
1596,41.45,140.25,1596,YOSIOKA,JAPAN,0.26,0.35,0.59,1.05,2.17
1597,48.48,-68.52,1597,RIMOUSKI,CANADA,0.17,0.34,0.65,1.12,2.0
1600,-6.15,39.18,1600,ZANZIBAR,"TANZANIA, UNITED REPUBLIC OF",0.27,0.36,0.6,1.02,2.08
1603,-62.48,-59.63,1603,PUERTO_SOBERANIA,ANTARCTICA,-0.35,-0.03,0.23,0.56,1.24
1627,33.24,126.56,1627,SEOGWIPO,"KOREA, REPUBLIC OF",0.26,0.35,0.6,1.05,2.17
1628,35.62,126.3,1628,WIDO,"KOREA, REPUBLIC OF",0.25,0.34,0.59,1.04,2.14
1629,-17.58,146.08,1629,MOURILYAN_HARBOUR,AUSTRALIA,0.26,0.35,0.58,1.03,2.12
1630,-18.52,146.38,1630,LUCINDA,AUSTRALIA,0.26,0.35,0.58,1.02,2.1
1631,-21.65,115.13,1631,ONSLOW,AUSTRALIA,0.22,0.33,0.58,0.99,2.08
1632,52.93,1.3,1632,CROMER,UNITED KINGDOM,0.12,0.29,0.59,1.01,1.84
1633,48.86,-122.76,1633,CHERRY_POINT,UNITED STATES,0.17,0.26,0.45,0.79,1.82
1634,55.34,-160.5,1634,SAND_POINT,UNITED STATES,0.14,0.26,0.51,0.89,2.0
1635,36.97,-76.11,1635,CHESAPEAKE_BAY_BR. TUN.,UNITED STATES,0.28,0.39,0.65,1.08,2.07
1636,36.18,-75.75,1636,DUCK_PIER_OUTSIDE,UNITED STATES,0.28,0.39,0.65,1.07,2.08
1637,40.64,-74.14,1637,BERGEN_POINT,UNITED STATES,0.26,0.38,0.67,1.1,2.06
1638,27.98,-82.83,1638,CLEARWATER_BEACH,UNITED STATES,0.28,0.37,0.62,1.04,2.1
1639,40.77,-124.22,1639,N. SPIT,UNITED STATES,0.22,0.31,0.53,0.9,2.0
1640,42.74,-124.5,1640,PORT_ORFORD,UNITED STATES,0.22,0.31,0.53,0.89,1.98
1641,30.15,-85.67,1641,PANAMA_CITY,UNITED STATES,0.26,0.36,0.61,1.02,2.06
1643,-45.81,170.62,1643,PORT_CHALMERS,NEW ZEALAND,0.21,0.3,0.56,0.98,1.91
1644,-33.64,-78.83,1644,JUAN_FERNANDEZ-C,CHILE,0.22,0.31,0.52,0.86,1.86
1645,-0.43,-90.28,1645,BALTRA-B,ECUADOR,0.25,0.35,0.59,1.01,2.14
1671,24.33,124.16,1671,ISHIGAKI_II,JAPAN,0.23,0.34,0.63,1.07,2.21
1672,-19.67,63.42,1672,RODRIGUES_IS,MAURITIUS,0.26,0.36,0.59,0.97,2.14
1673,-20.15,57.5,1673,PORT_LOUIS_II,MAURITIUS,0.24,0.35,0.59,0.97,2.13
1674,22.29,114.21,1674,QUARRY_BAY,HONG KONG,0.24,0.33,0.59,0.99,2.08
1675,36.41,126.49,1675,BORYEONG,"KOREA, REPUBLIC OF",0.24,0.34,0.59,1.04,2.13
1676,6.43,99.76,1676,PULAU_LANGKAWI,MALAYSIA,0.22,0.33,0.58,0.99,2.1
1677,1.33,103.44,1677,KUKUP,MALAYSIA,0.25,0.35,0.59,1.0,2.12
1678,2.81,104.14,1678,PULAU_TIOMAN,MALAYSIA,0.25,0.35,0.59,1.0,2.13
1679,38.43,26.72,1679,MENTES/IZMIR,TURKEY,0.16,0.28,0.53,0.93,1.84
1681,36.83,30.62,1681,ANTALYA_II,TURKEY,0.19,0.3,0.55,0.96,1.88
1696,26.61,-80.03,1696,LAKE_WORTH_PIER,UNITED STATES,0.26,0.36,0.61,1.02,2.09
1699,36.67,126.13,1699,ANHEUNG,"KOREA, REPUBLIC OF",0.24,0.34,0.58,1.04,2.13
1700,51.71,-5.05,1700,MILFORD_HAVEN,UNITED KINGDOM,0.14,0.29,0.55,0.94,1.79
1701,24.71,-81.11,1701,VACA_KEY,UNITED STATES,0.29,0.38,0.63,1.04,2.12
1702,1.93,104.11,1702,TANJUNG_SEDILI,MALAYSIA,0.25,0.35,0.59,1.0,2.12
1703,6.23,102.11,1703,GETING,MALAYSIA,0.24,0.34,0.59,0.99,2.11
1704,-27.95,153.42,1704,GOLD_COAST_SEAWAY_2,AUSTRALIA,0.25,0.34,0.58,1.01,2.06
1706,43.13,17.2,1706,SUCURAJ,CROATIA,0.15,0.27,0.51,0.9,1.78
1707,-0.68,73.15,1707,GAN_II,MALDIVES,0.27,0.37,0.61,1.03,2.19
1708,9.78,125.5,1708,SURIGAO,PHILIPPINES,0.19,0.32,0.61,1.02,2.17
1711,12.33,121.08,1711,SAN_JOSE,PHILIPPINES,0.2,0.32,0.6,1.02,2.16
1730,9.55,112.88,1730,NAN_SHA,CHINA,0.24,0.35,0.6,1.0,2.14
1731,52.01,-4.98,1731,FISHGUARD_II,UNITED KINGDOM,0.14,0.29,0.54,0.94,1.78
1733,5.98,116.07,1733,KOTA_KINABALU,MALAYSIA,0.24,0.34,0.6,1.0,2.13
1734,4.23,117.88,1734,TAWAU,MALAYSIA,0.23,0.34,0.59,1.0,2.12
1735,35.82,14.53,1735,MARSAXLOKK  ,MALTA,0.2,0.31,0.57,0.97,1.9
1745,16.83,112.33,1745,XI_SHA,CHINA,0.2,0.31,0.58,0.99,2.11
1746,1.27,103.85,1746,TANJONG_PAGAR,SINGAPORE,0.25,0.35,0.59,1.0,2.12
1747,46.5,-1.79,1747,LES_SABLES_D OLONNE,FRANCE,0.18,0.3,0.55,0.94,1.83
1748,63.44,10.39,1748,TRONDHEIM_2,NORWAY,0.0,0.2,0.49,0.89,1.64
1749,-10.52,142.21,1749,TURTLE_HEAD,AUSTRALIA,0.25,0.35,0.59,1.03,2.15
1750,-39.48,176.92,1750,NAPIER,NEW ZEALAND,0.23,0.32,0.57,1.01,2.0
1751,-26.29,-80.11,1751,SAN_FELIX,CHILE,0.22,0.31,0.52,0.88,1.94
1753,4.18,73.53,1753,MALE-B,MALDIVES,0.27,0.36,0.6,1.04,2.18
1758,51.21,-3.13,1758,HINKLEY_POINT,UNITED KINGDOM,0.14,0.28,0.55,0.95,1.79
1759,59.04,10.95,1759,VIKER,NORWAY,0.13,0.29,0.56,0.99,1.77
1760,-23.16,150.79,1760,ROSSLYN_BAY,AUSTRALIA,0.25,0.35,0.58,1.01,2.08
1761,-31.83,115.74,1761,HILLARYS,AUSTRALIA,0.21,0.32,0.56,0.94,1.99
1762,-21.95,114.14,1762,EXMOUTH,AUSTRALIA,0.22,0.33,0.58,0.99,2.09
1764,42.05,3.21,1764,L'ESTARTIT,SPAIN,0.19,0.3,0.55,0.94,1.84
1772,55.63,-6.19,1772,ISLAY,UNITED KINGDOM,0.09,0.27,0.53,0.92,1.74
1773,50.61,-2.45,1773,WEYMOUTH,UNITED KINGDOM,0.14,0.28,0.55,0.96,1.81
1775,58.46,-5.05,1775,KINLOCHBERVIE,UNITED KINGDOM,0.04,0.25,0.53,0.92,1.7
1780,73.22,113.5,1780,ANABAR,RUSSIAN FEDERATION,0.16,0.3,0.62,1.2,2.04
1784,16.22,-61.53,1784,POINTE-A-PITRE,GUADELOUPE,0.27,0.36,0.6,0.99,2.09
1789,34.35,134.06,1789,TAKAMATSU_II,JAPAN,0.26,0.36,0.62,1.07,2.2
1790,34.68,135.19,1790,KOBE_II,JAPAN,0.27,0.36,0.62,1.08,2.21
1792,10.45,99.25,1792,KO_MATTAPHON,THAILAND,0.23,0.33,0.58,0.99,2.09
1793,54.09,-4.77,1793,PORT_ERIN,ISLE OF MAN,0.12,0.28,0.53,0.92,1.74
1794,54.65,-3.57,1794,WORKINGTON,UNITED KINGDOM,0.11,0.28,0.54,0.93,1.75
1795,49.18,-2.12,1795,ST_HELIER,JERSEY,0.15,0.29,0.56,0.97,1.83
1796,-51.69,-57.82,1796,STANLEY_II,FALKLAND ISLANDS (MALVINAS),0.18,0.26,0.46,0.8,1.61
1797,32.47,34.86,1797,HADERA,ISRAEL,0.19,0.3,0.55,0.98,1.91
1799,50.52,-128.03,1799,WINTER_HARBOUR,CANADA,0.17,0.27,0.47,0.81,1.87
1800,64.5,-165.43,1800,NOME,UNITED STATES,0.12,0.24,0.49,0.91,1.92
1801,43.53,-1.51,1801,BOUCAU,FRANCE,0.19,0.31,0.56,0.96,1.85
1802,28.14,-15.41,1802,LAS_PALMAS_D,SPAIN,0.28,0.38,0.63,1.08,2.07
1803,28.48,-16.24,1803,TENERIFE,SPAIN,0.27,0.38,0.65,1.11,2.11
1804,1.37,172.93,1804,BETIO,KIRIBATI,0.23,0.35,0.61,1.04,2.25
1805,-17.6,177.44,1805,LAUTOKA,FIJI,0.25,0.35,0.6,1.05,2.19
1806,43.35,-3.05,1806,BILBAO,SPAIN,0.19,0.31,0.57,0.97,1.86
1807,43.46,-3.79,1807,SANTANDER_III,SPAIN,0.19,0.32,0.57,0.97,1.87
1808,43.36,-8.39,1808,LA_CORUNA_III,SPAIN,0.2,0.32,0.57,0.97,1.89
1809,36.8,-6.34,1809,BONANZA,SPAIN,0.23,0.34,0.58,0.97,1.91
1810,36.71,-4.42,1810,MALAGA_II,SPAIN,0.23,0.33,0.58,0.96,1.89
1811,41.34,2.17,1811,BARCELONA,SPAIN,0.2,0.31,0.56,0.95,1.85
1812,55.25,14.84,1812,TEJN,DENMARK,0.17,0.31,0.6,1.04,1.85
1813,39.44,-0.31,1813,VALENCIA,SPAIN,0.22,0.32,0.56,0.96,1.87
1816,14.68,-17.42,1816,DAKAR_2,SENEGAL,0.29,0.37,0.6,0.99,2.06
1830,33.92,130.93,1830,SHIMONOSEKI_III,JAPAN,0.27,0.36,0.61,1.06,2.19
1833,3.26,113.06,1833,BINTULU,MALAYSIA,0.24,0.34,0.59,0.99,2.11
1834,5.81,118.07,1834,SANDAKAN,MALAYSIA,0.22,0.33,0.6,1.01,2.14
1835,29.73,-93.87,1835,SABINE_PASS_NORTH,UNITED STATES,0.26,0.36,0.6,1.02,2.06
1836,-38.55,143.99,1836,LORNE,AUSTRALIA,0.23,0.32,0.53,0.88,1.86
1838,7.11,171.37,1838,MAJURO-C,MARSHALL ISLANDS,0.26,0.37,0.62,1.07,2.3
1839,-8.5,179.2,1839,FUNAFUTI_B,TUVALU,0.17,0.31,0.62,1.04,2.22
1840,-13.83,-171.76,1840,APIA_B,SAMOA,0.22,0.33,0.61,1.05,2.21
1841,-17.76,168.31,1841,PORT_VILA_B,VANUATU,0.26,0.36,0.59,1.06,2.21
1842,-21.14,-175.18,1842,NUKU'ALOFA_B,TONGA,0.24,0.34,0.6,1.05,2.18
1843,-21.2,-159.78,1843,RAROTONGA_B,COOK ISLANDS,0.25,0.34,0.59,1.02,2.16
1844,-0.53,166.91,1844,NAURU-B,NAURU,0.24,0.35,0.61,1.04,2.24
1846,-4.67,55.53,1846,POINT_LA_RUE,SEYCHELLES,0.28,0.37,0.63,1.07,2.21
1849,-49.35,70.26,1849,KERGUELEN,FRENCH SOUTHERN TERRITORIES,0.23,0.35,0.66,1.18,2.15
1854,53.33,-3.83,1854,LLANDUDNO,UNITED KINGDOM,0.13,0.28,0.54,0.93,1.76
1857,70.4,-148.53,1857,PRUDHOE_BAY,UNITED STATES,0.16,0.3,0.59,1.06,1.98
1858,25.73,-80.16,1858,VIRGINIA_KEY,UNITED STATES,0.28,0.37,0.61,1.02,2.09
1859,44.12,15.23,1859,ZADAR,CROATIA,0.15,0.26,0.5,0.89,1.76
1860,-2.04,147.37,1860,LOMBRUM,PAPUA NEW GUINEA,0.23,0.34,0.6,1.02,2.19
1861,-9.43,159.96,1861,HONIARA-B,SOLOMON ISLANDS,0.15,0.3,0.6,1.08,2.22
1867,55.21,-6.66,1867,PORTRUSH,UNITED KINGDOM,0.09,0.27,0.54,0.93,1.75
1871,43.56,-5.7,1871,GIJON_II,SPAIN,0.19,0.32,0.57,0.98,1.88
1877,5.02,118.35,1877,LAHAT_DATU,MALAYSIA,0.22,0.33,0.59,1.0,2.13
1878,50.71,-1.87,1878,BOURNEMOUTH,UNITED KINGDOM,0.14,0.28,0.56,0.96,1.81
1879,5.27,115.25,1879,LABUAN_2,MALAYSIA,0.24,0.34,0.6,1.0,2.13
1883,37.13,-6.83,1883,HUELVA,SPAIN,0.23,0.34,0.58,0.97,1.91
1887,20.68,58.87,1887,MASIRAH,OMAN,0.22,0.3,0.54,0.97,1.99
1891,22.27,114.29,1891,TAI_MIU_WAN,HONG KONG,0.24,0.33,0.59,0.99,2.08
1892,39.55,2.64,1892,PALMA_DE_MALLORCA,SPAIN,0.22,0.32,0.56,0.97,1.89
1894,1.28,103.67,1894,TUAS,SINGAPORE,0.25,0.35,0.59,1.0,2.12
1895,1.3,103.77,1895,WEST_COAST,SINGAPORE,0.25,0.35,0.59,1.0,2.12
1896,1.34,103.63,1896,WEST_TUAS,SINGAPORE,0.25,0.35,0.59,1.0,2.12
1897,42.6,-8.77,1897,VILLAGARCIA,SPAIN,0.21,0.32,0.57,0.97,1.89
1898,42.24,-8.73,1898,VIGO_II,SPAIN,0.21,0.32,0.57,0.96,1.88
1902,22.22,113.89,1902,SHEK_PIK,HONG KONG,0.24,0.33,0.59,0.99,2.07
1903,27.58,-97.22,1903,CORPUS_CHRISTI,UNITED STATES,0.26,0.36,0.59,1.02,2.07
1910,19.83,-77.73,1910,CABO_CRUZ,CUBA,0.26,0.35,0.59,0.98,2.07
1914,16.75,-22.98,1914,PALMEIRA,CAPE VERDE,0.29,0.38,0.61,0.99,2.09
1915,45.57,-1.06,1915,PORT_BLOC,FRANCE,0.18,0.31,0.55,0.95,1.83
1921,47.54,-2.9,1921,LE_CROUESTY,FRANCE,0.17,0.3,0.55,0.94,1.83
1923,36.68,129.45,1923,HUPO,"KOREA, REPUBLIC OF",0.27,0.35,0.6,1.04,2.15
1925,6.98,158.2,1925,POHNPEI_C,"MICRONESIA, FEDERATED STATES OF",0.26,0.37,0.61,1.05,2.27
2021,21.75,-79.99,2021,CASILDA_II,CUBA,0.26,0.35,0.59,0.97,2.06
2025,68.8,49.33,2025,BUGRINO,RUSSIAN FEDERATION,0.1,0.27,0.59,1.02,1.81
2026,69.55,32.43,2026,MYS_PIKSHUEVA,RUSSIAN FEDERATION,0.04,0.24,0.56,0.97,1.72
2027,69.2,33.48,2027,POLYARNIY,RUSSIAN FEDERATION,0.05,0.25,0.57,0.98,1.73
2028,69.2,35.12,2028,TERIBERKA,RUSSIAN FEDERATION,0.06,0.25,0.57,0.98,1.74
2072,-23.58,150.87,2072,PORT_ALMA,AUSTRALIA,0.25,0.35,0.58,1.01,2.07
2073,-25.3,152.92,2073,URANGAN_II,AUSTRALIA,0.26,0.35,0.58,1.01,2.08
2074,-20.02,148.25,2074,BOWEN_II,AUSTRALIA,0.26,0.35,0.58,1.02,2.1
2101,65.7,23.1,2101,KALIX,SWEDEN,0.05,0.24,0.54,0.97,1.72
2102,63.19,19.01,2102,SKAGSUDDE,SWEDEN,0.09,0.26,0.56,0.98,1.74
2103,60.41,18.21,2103,FORSMARK,SWEDEN,0.13,0.29,0.58,1.0,1.79
2104,58.55,16.84,2104,MARVIKEN,SWEDEN,0.15,0.3,0.59,1.01,1.81
2105,57.64,18.28,2105,VISBY,SWEDEN,0.16,0.3,0.6,1.03,1.83
2106,57.27,16.48,2106,OSKARSHAMN,SWEDEN,0.16,0.3,0.59,1.03,1.83
2107,55.56,14.36,2107,SIMRISHAMN,SWEDEN,0.17,0.31,0.6,1.03,1.85
2108,55.42,12.83,2108,SKANOR,SWEDEN,0.18,0.31,0.6,1.02,1.84
2109,55.76,12.9,2109,BARSEBACK,SWEDEN,0.17,0.31,0.59,1.02,1.83
2110,56.14,12.58,2110,VIKEN,SWEDEN,0.17,0.31,0.66,1.02,1.83
2111,57.25,12.11,2111,RINGHALS,SWEDEN,0.18,0.32,0.59,1.02,1.82
2112,58.09,11.83,2112,STENUNGSUND,SWEDEN,0.14,0.3,0.57,1.0,1.79
2113,59.0,11.13,2113,KUNGSVIK,SWEDEN,0.13,0.29,0.56,0.99,1.77
2123,28.41,-80.59,2123,TRIDENT_PIER,UNITED STATES,0.28,0.38,0.63,1.04,2.1
2125,38.91,-123.71,2125,ARENA_COVE,UNITED STATES,0.22,0.31,0.53,0.9,2.01
2126,34.41,-119.69,2126,SANTA_BARBARA,UNITED STATES,0.21,0.3,0.51,0.89,2.01
2127,48.12,-123.44,2127,PORT_ANGELES,UNITED STATES,0.18,0.27,0.47,0.82,1.86
2128,20.04,-155.83,2128,KAWAIHAE,UNITED STATES,0.28,0.38,0.65,1.1,2.34
2133,57.72,11.97,2133,GOTEBORG-RINGON,SWEDEN,0.15,0.3,0.58,1.0,1.8
2183,-4.07,39.65,2183,MOMBASA_II,KENYA,0.27,0.36,0.6,1.01,2.07
2198,-2.27,40.9,2198,LAMU_B,KENYA,0.27,0.36,0.6,1.01,2.07
2215,30.33,-89.33,2215,BAY_WAVELAND_YACHT_CLUB_II,UNITED STATES,0.26,0.35,0.6,1.02,2.05
2261,-20.2,-70.15,2261,IQUIQUE_II,CHILE,0.25,0.34,0.55,0.93,1.96
2262,-39.88,-73.42,2262,CORRAL_II,CHILE,0.22,0.29,0.48,0.8,1.72
2263,-53.12,-70.86,2263,PUNTA_ARENAS_II,CHILE,0.15,0.23,0.42,0.71,1.46
2264,-41.87,-73.83,2264,ANCUD,CHILE,0.21,0.28,0.47,0.78,1.68
2292,38.33,-75.09,2292,OCEAN_CITY_INLET,UNITED STATES,0.27,0.39,0.66,1.09,2.08
2294,35.22,-75.64,2294,CAPE_HATTERAS,UNITED STATES,0.29,0.39,0.64,1.05,2.07
2295,34.72,-76.67,2295,BEAUFORT,UNITED STATES,0.28,0.38,0.63,1.04,2.06
2310,-28.54,153.55,2310,BRUNSWICK_HEADS,AUSTRALIA,0.25,0.34,0.58,1.01,2.06
2311,-30.3,153.15,2311,COFFS_HARBOUR_III,AUSTRALIA,0.25,0.34,0.58,1.02,2.06
2312,-35.12,150.71,2312,JERVIS_BAY_II,AUSTRALIA,0.24,0.33,0.59,1.03,2.04
2313,-31.43,152.91,2313,PORT_MACQUARIE,AUSTRALIA,0.25,0.34,0.59,1.03,2.05
2314,-28.17,153.55,2314,TWEED_HEADS,AUSTRALIA,0.25,0.34,0.58,1.01,2.06
2316,-32.71,152.18,2316,PORT_STEPHENS,AUSTRALIA,0.25,0.34,0.59,1.04,2.05
2322,40.81,-73.77,2322,KINGS_POINT,UNITED STATES,0.25,0.38,0.67,1.1,2.07
2323,39.21,-76.25,2323,TOLCHESTER_BEACH,UNITED STATES,0.27,0.38,0.66,1.09,2.05
2324,37.99,-76.47,2324,LEWISETTA,UNITED STATES,0.28,0.38,0.66,1.08,2.06
2325,35.8,-75.55,2325,OREGON_INLET_MARINA,UNITED STATES,0.28,0.39,0.65,1.07,2.08
2326,30.4,-81.43,2326,MAYPORT,UNITED STATES,0.28,0.38,0.63,1.04,2.08
2329,37.51,-122.21,2329,REDWOOD_CITY,UNITED STATES,0.2,0.29,0.5,0.88,1.98
2330,38.05,-122.04,2330,PORT_CHICAGO,UNITED STATES,0.19,0.28,0.49,0.87,1.97
2356,-18.13,178.43,2356,SUVA-B,FIJI,0.25,0.35,0.6,1.04,2.18
2358,-33.83,151.26,2358,SYDNEY_PORT_JACKSON,AUSTRALIA,0.24,0.34,0.59,1.03,2.04
